standard_inchikeys,standard_smiles
HLVFKOKELQSXIQ-UHFFFAOYSA-N,CC(C)CBr
HNRMPXKDFBEGFZ-UHFFFAOYSA-N,CCC(C)(C)C
SPANOECCGNXGNR-UHFFFAOYSA-N,CC(C)N(C(=O)SCC(Cl)=CCl)C(C)C
LAOZSCRCYVBSJA-UHFFFAOYSA-N,CC1(C)C(=O)NC(=O)NC1=O
YNQLUTRBYVCPMQ-UHFFFAOYSA-N,CCc1ccccc1
UOAMTSKGCBMZTC-UHFFFAOYSA-N,OC(c1ccc(Cl)cc1)(c1ccc(Cl)cc1)C(Cl)(Cl)Cl
ODLMAHJVESYWTB-UHFFFAOYSA-N,CCCc1ccccc1
DURPTKYDGMDSBL-UHFFFAOYSA-N,CCCCOCCCC
JHEFOJNPLXSWNZ-UHFFFAOYSA-N,CC(=O)Nc1ccc(F)cc1
XEFQLINVKFYRCS-UHFFFAOYSA-N,Oc1cc(Cl)ccc1Oc1ccc(Cl)cc1Cl
KOCYTWBTXZOUFS-UHFFFAOYSA-N,Cc1cnc2cncnc2n1
DZBUGLKDJFMEHC-UHFFFAOYSA-N,c1ccc2nc3ccccc3cc2c1
YRHYCMZPEVDGFQ-UHFFFAOYSA-N,CCCCCCCCCC(=O)OC
FZSVSABTBYGOQH-UHFFFAOYSA-N,CNC(=O)ON=C(CSC)C(C)(C)C
RLSSMJSEOOYNOY-UHFFFAOYSA-N,Cc1cccc(O)c1
KIVUHCNVDWYUNP-UHFFFAOYSA-N,Nc1cc2c3ccccc3ccc2c2ccccc12
FRCCEHPWNOQAEU-UHFFFAOYSA-N,ClC1=C(Cl)C2(Cl)C3C(Cl)C=CC3C1(Cl)C2(Cl)Cl
NMWSKOLWZZWHPL-UHFFFAOYSA-N,Clc1cccc(-c2ccccc2)c1
ZGHQUYZPMWMLBM-UHFFFAOYSA-N,Clc1ccc(-c2ccccc2)cc1Cl
XGMPVBXKDAHORN-UHFFFAOYSA-N,CC(=O)OCC(=O)C1(O)C(OC(C)=O)CC2C3CCC4=CC(=O)C=CC4(C)C3(F)C(O)CC21C
QCMQDLGMYAJPLB-UHFFFAOYSA-N,COC1=CC2OC3C=CC(=O)CC3C(=O)C2C(=O)C1
HFZWRUODUSTPEG-UHFFFAOYSA-N,Oc1ccc(Cl)cc1Cl
JTGMTYWYUZDRBK-UHFFFAOYSA-N,Cc1c2ccccc2c(C)c2ccccc12
PQVZDTWRGIHYCU-UHFFFAOYSA-N,O=C1NC(=O)C2(CC2)C(=O)N1
KXKVLQRXCPHEJC-UHFFFAOYSA-N,COC(C)=O
GVYLCNUFSHDAAW-UHFFFAOYSA-N,ClC1(Cl)C2(Cl)C3(Cl)C4(Cl)C(Cl)(Cl)C5(Cl)C3(Cl)C1(Cl)C5(Cl)C24Cl
XYWDPYKBIRQXQS-UHFFFAOYSA-N,CC(C)SC(C)C
SGEJQUSYQTVSIU-UHFFFAOYSA-N,CCCCN(CC)C(=O)SCCC
KJCVRFUGPWSIIH-UHFFFAOYSA-N,Oc1cccc2ccccc12
GZUXJHMPEANEGY-UHFFFAOYSA-N,CBr
ZRSNZINYAWTAHE-UHFFFAOYSA-N,COc1ccc(C=O)cc1
RRNIZKPFKNDSRS-UHFFFAOYSA-N,CC(C)OP(=S)(OC(C)C)SCCNS(=O)(=O)c1ccccc1
SCYULBFZEHDVBN-UHFFFAOYSA-N,CC(Cl)Cl
PDMMFKSKQVNJMI-UHFFFAOYSA-N,CCC(=O)OC1CCC2C3CCC4=CC(=O)CCC4(C)C3CCC12C
QYZLKGVUSQXAMU-UHFFFAOYSA-N,C=CCC=C
GCNTZFIIOFTKIY-UHFFFAOYSA-N,O=c1cc[nH]cc1
YLQBMQCUIZJEEH-UHFFFAOYSA-N,c1ccoc1
FULZLIGZKMKICU-UHFFFAOYSA-N,NC(=S)Nc1ccccc1
XLOMZPUITCYLMJ-UHFFFAOYSA-N,C=CCC1(C(C)CCC)C(=O)NC(=S)NC1=O
YXVFYQXJAXKLAK-UHFFFAOYSA-N,Oc1ccc(-c2ccccc2)cc1
MTZBBNMLMNBNJL-UHFFFAOYSA-N,Cc1cccc(C)c1NC(=O)c1cc(S(N)(=O)=O)c(Cl)cc1O
HGCIXCUEYOPUTN-UHFFFAOYSA-N,C1=CCCCC1
BAYAKMPRFGNNFW-UHFFFAOYSA-N,CC(C)C(O)C(C)C
NBBJYMSMWIIQGU-UHFFFAOYSA-N,CCC=O
QBSJMKIUCUGGNG-UHFFFAOYSA-N,CNC(=O)Oc1ccccc1C(C)C
LTEQMZWBSYACLV-UHFFFAOYSA-N,CCCCCCc1ccccc1
BJVVMKUXKQHWJK-UHFFFAOYSA-N,C=CCC1(C(C)CC)C(=O)NC(=O)NC1=O
NIQCNGHVCWTJSM-UHFFFAOYSA-N,COC(=O)c1ccccc1C(=O)OC
RWGFKTVRMDUZSP-UHFFFAOYSA-N,CC(C)c1ccccc1
DHTZKRIZYPAKLO-UHFFFAOYSA-N,O=C(CC(Cl)Cl)NC1=C(Cl)C(=O)c2ccccc2C1=O
VAOCPAMSLUNLGC-UHFFFAOYSA-N,Cc1ncc([N+](=O)[O-])n1CCO
DFBKLUNHFCTMDC-UHFFFAOYSA-N,ClC1=C(Cl)C2(Cl)C3C4CC(C5OC45)C3C1(Cl)C2(Cl)Cl
HJOVHMDZYOCNQW-UHFFFAOYSA-N,CC1=CC(=O)CC(C)(C)C1
RRAFCDWBNXTKKO-UHFFFAOYSA-N,C=CCc1ccc(O)c(OC)c1
IZUKQUVSCNEFMJ-UHFFFAOYSA-N,O=[N+]([O-])c1ccccc1[N+](=O)[O-]
ANIAQSUBRGXWLS-UHFFFAOYSA-N,CCOP(=S)(CC)Oc1cc(Cl)c(Cl)cc1Cl
PTBKFATYSVLSSD-UHFFFAOYSA-N,O=[N+]([O-])c1ccc(C=NO)o1
ZSFUDSWIVAQKEN-UHFFFAOYSA-N,CCN1c2cc(Cl)ccc2NC(=O)c2cccnc21
ZSIAUFGUXNUGDI-UHFFFAOYSA-N,CCCCCCO
RWCCWEUUXYIKHB-UHFFFAOYSA-N,O=C(c1ccccc1)c1ccccc1
FWAJPSIPOULHHH-UHFFFAOYSA-N,Brc1ccc(Br)c(Br)c1
OGYFATSSENRIKG-UHFFFAOYSA-N,O=C(Nc1ccccc1)N(Cc1ccc(Cl)cc1)C1CCCC1
MLRVZFYXUZQSRU-UHFFFAOYSA-N,CCCCCCCl
TYMLOMAKGOJONV-UHFFFAOYSA-N,Nc1ccc([N+](=O)[O-])cc1
REIUXOLGHVXAEO-UHFFFAOYSA-N,CCCCCCCCCCCCCCCO
YGYNBBAUIYTWBF-UHFFFAOYSA-N,Cc1ccc2cc(C)ccc2c1
JUJWROOIHBZHMG-UHFFFAOYSA-N,c1ccncc1
BTJIUGUIPKRLHP-UHFFFAOYSA-N,O=[N+]([O-])c1ccc(O)cc1
ZUOUZKKEUPVFJK-UHFFFAOYSA-N,c1ccc(-c2ccccc2)cc1
XRECTZIEBJDKEO-UHFFFAOYSA-N,Nc1nc(=O)[nH]cc1F
BYYMILHAKOURNM-UHFFFAOYSA-N,C#CC(C)N(C)C(=O)Nc1ccc(Cl)cc1
BNIXVQGCZULYKV-UHFFFAOYSA-N,ClC(Cl)C(Cl)(Cl)Cl
DNTHHIVFNQZZRD-UHFFFAOYSA-N,O=C1NC(=O)C2C3C(C(O)(c4ccccc4)c4ccccn4)=CC(C3=C(c3ccccc3)c3ccccn3)C12
KXDAEFPNCMNJSK-UHFFFAOYSA-N,NC(=O)c1ccccc1
AWIJPALBOQNRBS-UHFFFAOYSA-N,COc1cnc2ncncc2n1
DMLAVOWQYNRWNQ-UHFFFAOYSA-N,c1ccc(N=Nc2ccccc2)cc1
RQZAXGRLVPAYTJ-UHFFFAOYSA-N,CC(=O)OC1(C(C)=O)CCC2C3C=C(C)C4=CC(=O)CCC4(C)C3CCC21C
VLKZOEOYAKHREP-UHFFFAOYSA-N,CCCCCC
VDVCBHJNKZNXKT-UHFFFAOYSA-N,CCC1(CC=C(C)C)C(=O)NC(=O)NC1=O
VPUGDVKSAQVFFS-UHFFFAOYSA-N,c1cc2ccc3ccc4ccc5ccc6ccc1c1c2c3c4c5c61
RVWLHPJFOKUPNM-UHFFFAOYSA-N,Clc1cccc(-c2c(Cl)c(Cl)cc(Cl)c2Cl)c1Cl
RWQNBRDOKXIBIV-UHFFFAOYSA-N,Cc1c[nH]c(=O)[nH]c1=O
JGHZJRVDZXSNKQ-UHFFFAOYSA-N,CCCCCCCC(=O)OC
RFFLAFLAYFXFSW-UHFFFAOYSA-N,Clc1ccccc1Cl
TZYRSLHNPKPEFV-UHFFFAOYSA-N,CCC(CC)CO
AUNGANRZJHBGPY-UHFFFAOYSA-N,Cc1cc2nc3c(=O)[nH]c(=O)nc-3n(CC(O)C(O)C(O)CO)c2cc1C
MUPFEKGTMRGPLJ-UHFFFAOYSA-N,OCC1OC(OCC2OC(OC3(CO)OC(CO)C(O)C3O)C(O)C(O)C2O)C(O)C(O)C1O
YWBVHLJPRPCRSD-UHFFFAOYSA-N,Cn1cc(-c2ccccc2)c(=O)c(-c2cccc(C(F)(F)F)c2)c1
SBPBAQFWLVIOKP-UHFFFAOYSA-N,CCOP(=S)(OCC)Oc1nc(Cl)c(Cl)cc1Cl
XBCXJKGHPABGSD-UHFFFAOYSA-N,Cn1ccc(=O)[nH]c1=O
IDZYLIZKJFAXAS-UHFFFAOYSA-N,CCCCCCCC(=O)OCN1C(=O)NC(c2ccccc2)(c2ccccc2)C1=O
KUFFULVDNCHOFZ-UHFFFAOYSA-N,Cc1ccc(O)c(C)c1
HYFLWBNQFMXCPA-UHFFFAOYSA-N,CCc1ccccc1C
DSNHSQKRULAAEI-UHFFFAOYSA-N,CCc1ccc(CC)cc1
LZDKZFUFMNSQCJ-UHFFFAOYSA-N,CCOCCOCC
PXAGFNRKXSYIHU-UHFFFAOYSA-N,Clc1cccc(Cl)c1-c1c(Cl)cccc1Cl
RYYVLZVUVIJVGH-UHFFFAOYSA-N,Cn1c(=O)c2c(ncn2C)n(C)c1=O
AGMMTXLNIQSRCG-UHFFFAOYSA-N,CCC1NC(=O)c2cc(S(N)(=O)=O)c(Cl)cc2N1
WIDMDEHGDAFXAJ-UHFFFAOYSA-N,CC(=O)N(c1onc(C)c1C)[S+]([O-])c1ccc(N)cc1
CPMZWWWXIWHTMU-UHFFFAOYSA-N,CC1COC2CC3(C)C(CC4C5C=C6CC(O)CCC6(C)CC5CCC43C)OC2C1
SQNZJJAZBFDUTD-UHFFFAOYSA-N,Cc1cc(C)c(C)cc1C
ZCDHRBAYNFWZBH-UHFFFAOYSA-N,CC(C)=CCC1(C(C)C)C(=O)NC(=O)NC1=O
ZQEIXNIJLIKNTD-UHFFFAOYSA-N,COCC(=O)N(c1c(C)cccc1C)C(C)C(=O)OC
NOOLISFMXDJSKH-UHFFFAOYSA-N,CC1CCC(C(C)C)C(O)C1
XRMVWAKMXZNZIL-UHFFFAOYSA-N,CCC(C)(C)CO
RJUFJBKOKNCXHH-UHFFFAOYSA-N,CCC(=O)OC
ISMYLNZMKJLINI-UHFFFAOYSA-N,CCN1C(=O)c2cccnc2N(CC)c2ncccc21
PQNFLJBBNBOBRQ-UHFFFAOYSA-N,c1ccc2c(c1)CCC2
HAXBIWFMXWRORI-UHFFFAOYSA-N,c1ccc2cc3c(cc2c1)-c1cccc2cccc-3c12
ZPVFWPFBNIEHGJ-UHFFFAOYSA-N,CCCCCCC(C)=O
XLNZEKHULJKQBA-UHFFFAOYSA-N,CCOP(=S)(OCC)SCSC(C)(C)C
ONXPZLFXDMAPRO-UHFFFAOYSA-N,Clc1c(Cl)c(Cl)c(-c2c(Cl)c(Cl)c(Cl)c(Cl)c2Cl)c(Cl)c1Cl
SNMVRZFUUCLYTO-UHFFFAOYSA-N,CCCCl
APSMUYYLXZULMS-UHFFFAOYSA-N,Brc1ccc2ccccc2c1
LPAGFVYQRIESJQ-UHFFFAOYSA-N,c1ccc2c(c1)CCN2
ISEUFVQQFVOBCY-UHFFFAOYSA-N,COc1nc(NC(C)C)nc(NC(C)C)n1
STDBAQMTJLUMFW-UHFFFAOYSA-N,CCCCC1(CC)C(=O)NC(=O)NC1=O
DSRNRYQBBJQVCW-UHFFFAOYSA-N,COc1ccc(NC(=O)N(C)C)cc1Cl
LQAVWYMTUMSFBE-UHFFFAOYSA-N,C=CCCCO
ZFRKQXVRDFCRJG-UHFFFAOYSA-N,Cc1c[nH]c2ccccc12
OPXLLQIJSORQAM-UHFFFAOYSA-N,COC(=O)Nc1nc2ccc(C(=O)c3ccccc3)cc2[nH]1
STJLVHWMYQXCPB-UHFFFAOYSA-N,CCCC1COC(Cn2cncn2)(c2ccc(Cl)cc2Cl)O1
CXOWYJMDMMMMJO-UHFFFAOYSA-N,CCCC(C)(C)C
IWTBVKIGCDZRPL-UHFFFAOYSA-N,CCC(C)CCO
XIGAUIHYSDTJHW-UHFFFAOYSA-N,CN(C(=O)COc1nc2ccccc2s1)c1ccccc1
WDCYWAQPCXBPJA-UHFFFAOYSA-N,O=[N+]([O-])c1cccc([N+](=O)[O-])c1
NMUINCUJOZFODB-UHFFFAOYSA-N,COc1cnc2cncnc2n1
WAPNOHKVXSQRPX-UHFFFAOYSA-N,CC(O)c1ccccc1
ZAFNJMIOTHYJRJ-UHFFFAOYSA-N,CC(C)OC(C)C
AFBPFSWMIHJQDM-UHFFFAOYSA-N,CNc1ccccc1
CATSNJVOTSVZJV-UHFFFAOYSA-N,CCCCCC(C)=O
NHTMVDHEPJAVLT-UHFFFAOYSA-N,CC(C)CC(C)(C)C
HUMNYLRZRPPJDN-UHFFFAOYSA-N,O=Cc1ccccc1
XDNBJTQLKCIJBV-UHFFFAOYSA-N,CCOP(=S)(OCC)Oc1ccc([S+](C)[O-])cc1
YTPLMLYBLZKORZ-UHFFFAOYSA-N,c1ccsc1
UCLKLGIYGBLTSM-UHFFFAOYSA-N,Clc1ccc(Cl)c(-c2cc(Cl)c(Cl)c(Cl)c2Cl)c1
NFDFQCUYFHCNBW-UHFFFAOYSA-N,CC=C(C(=CC)c1ccc(O)cc1)c1ccc(O)cc1
XEKOWRVHYACXOJ-UHFFFAOYSA-N,CCOC(C)=O
DFCAFRGABIXSDS-UHFFFAOYSA-N,CCSC(=O)N(CC)C1CCCCC1
FJKIXWOMBXYWOQ-UHFFFAOYSA-N,C=COCC
DRUIESSIVFYOMK-UHFFFAOYSA-N,N#CC(Cl)(Cl)Cl
MLUCVPSAIODCQM-UHFFFAOYSA-N,CC=CC=O
INISTDXBRIBGOC-UHFFFAOYSA-N,CC(C)C(Nc1ccc(C(F)(F)F)cc1Cl)C(=O)OC(C#N)c1cccc(Oc2ccccc2)c1
HFHZKZSRXITVMK-UHFFFAOYSA-N,CCCCC1C(=O)N(c2ccccc2)N(c2ccc(O)cc2)C1=O
KJFMBFZCATUALV-UHFFFAOYSA-N,O=C1OC(c2ccc(O)cc2)(c2ccc(O)cc2)c2ccccc21
QGXBDMJGAMFCBF-UHFFFAOYSA-N,CC12CCC3C(CCC4CC(O)CCC43C)C1CCC2=O
JRLPEMVDPFPYPJ-UHFFFAOYSA-N,CCc1ccc(C)cc1
YGOGAACPYALXRT-UHFFFAOYSA-N,CCC1(C2=CCC3CCC2C3)C(=O)NC(=O)NC1=O
AMRQXHFXNZFDCH-UHFFFAOYSA-N,CCNC(=O)C(C)OC(=O)Nc1ccccc1
QSSXJPIWXQTSIX-UHFFFAOYSA-N,Cc1ccccc1Br
UJOBWOGCFQCDNV-UHFFFAOYSA-N,c1ccc2c(c1)[nH]c1ccccc12
BTANRVKWQNVYAZ-UHFFFAOYSA-N,CCC(C)O
RUFPHBVGCFYCNW-UHFFFAOYSA-N,Nc1cccc2ccccc12
PBBGSZCBWVPOOL-UHFFFAOYSA-N,CCC(c1ccc(O)cc1)C(CC)c1ccc(O)cc1
MLUCVPSAIODCQM-NSCUHMNNSA-N,C/C=C/C=O
VGGSQFUCUMXWEO-UHFFFAOYSA-N,C=C
KAATUXNTWXVJKI-UHFFFAOYSA-N,CC1(C)C(C=C(Cl)Cl)C1C(=O)OC(C#N)c1cccc(Oc2ccccc2)c1
SSLKKMZJCJBOML-UHFFFAOYSA-N,CCN(CC)C(=O)CSc1ccc(Cl)nn1
RDXLYGJSWZYTFJ-UHFFFAOYSA-N,O=C1NCCN1c1ncc([N+](=O)[O-])s1
KRTSDMXIXPKRQR-UHFFFAOYSA-N,CNC(=O)C=C(C)OP(=O)(OC)OC
VQDXQNNYGSEHPU-UHFFFAOYSA-N,O=C1NC(=O)C2(CCC2)C(=O)N1
YPHMISFOHDHNIV-UHFFFAOYSA-N,CC1CC(C)C(=O)C(C(O)CC2CC(=O)NC(=O)C2)C1
QQONPFPTGQHPMA-UHFFFAOYSA-N,C=CC
AMEKQAFGQBKLKX-UHFFFAOYSA-N,CC1=C(C(=O)Nc2ccccc2)S(=O)(=O)CCO1
XCKRRIQXHFBKKB-UHFFFAOYSA-N,CC(C)OC(=O)C(O)(c1ccc(Cl)cc1)c1cccc(Cl)c1
NPPQSCRMBWNHMW-UHFFFAOYSA-N,CCCC(C)(COC(N)=O)COC(N)=O
UBOXGVDOUJQMTN-UHFFFAOYSA-N,ClCC(Cl)Cl
GEDIWDLJKRKBFT-UHFFFAOYSA-N,Cc1cc(OC(=O)N(C)C)n(-c2ccccc2)n1
GOOHAUXETOMSMM-UHFFFAOYSA-N,CC1CO1
QZYHIOPPLUPUJF-UHFFFAOYSA-N,Cc1cccc([N+](=O)[O-])c1
PLIKAWJENQZMHA-UHFFFAOYSA-N,Nc1ccc(O)cc1
LRHPLDYGYMQRHN-UHFFFAOYSA-N,CCCCO
NDDAHWYSQHTHNT-UHFFFAOYSA-N,CC1Cc2ccccc2N1NC(=O)c1ccc(Cl)c(S(N)(=O)=O)c1
WSLDOOZREJYCGB-UHFFFAOYSA-N,ClCCCl
MFOUDYKPLGXPGO-UHFFFAOYSA-N,CC(C)N(C(=O)CCl)c1ccccc1
UMGDCJDMYOKAJW-UHFFFAOYSA-N,NC(N)=S
ULBXWWGWDPVHAO-UHFFFAOYSA-N,C#CC(C)OC(=O)Nc1cccc(Cl)c1
YZWKKMVJZFACSU-UHFFFAOYSA-N,CCCCCBr
JMBQKKAJIKAWKF-UHFFFAOYSA-N,CCC1(c2ccccc2)CCC(=O)NC1=O
LHXDLQBQYFFVNW-UHFFFAOYSA-N,CC12CCC(C1)C(C)(C)C2=O
SNHMUERNLJLMHN-UHFFFAOYSA-N,Ic1ccccc1
UNAHYJYOSSSJHH-UHFFFAOYSA-N,CCCN(CCC)c1c([N+](=O)[O-])cc(S(N)(=O)=O)cc1[N+](=O)[O-]
BKIMMITUMNQMOS-UHFFFAOYSA-N,CCCCCCCCC
HPQURZRDYMUHJI-UHFFFAOYSA-N,CCCCCC1CCCC1
CSHWQDPOILHKBI-UHFFFAOYSA-N,c1cc2cccc3c4cccc5cccc(c(c1)c23)c54
BZHMBWZPUJHVEE-UHFFFAOYSA-N,CC(C)CC(C)C
ZXIJMRYMVAMXQP-UHFFFAOYSA-N,C1=CCCCCC1
PDRGHUMCVRDZLQ-UHFFFAOYSA-N,CC12CCc3c(ccc4cc(O)ccc34)C1CCC2=O
IROINLKCQGIITA-UHFFFAOYSA-N,CCNc1nc(NC(C)(C)C)nc(SC)n1
YWDUZLFWHVQCHY-UHFFFAOYSA-N,Brc1cc(Br)cc(Br)c1
NPDACUSDTOMAMK-UHFFFAOYSA-N,Cc1ccc(Cl)cc1
UFNIBRDIUNVOMX-UHFFFAOYSA-N,Clc1ccc(-c2ccccc2Cl)cc1
HGBOYTHUEUWSSQ-UHFFFAOYSA-N,CCCCC=O
LCCNCVORNKJIRZ-UHFFFAOYSA-N,CCOP(=S)(OCC)Oc1ccc([N+](=O)[O-])cc1
AVQQQNCBBIEMEU-UHFFFAOYSA-N,CN(C)C(=O)N(C)C
SLZWBCGZQRRUNG-UHFFFAOYSA-N,CNC(=O)Oc1cc(C(C)(C)C)cc(C(C)(C)C)c1
IYXGSMUGOJNHAZ-UHFFFAOYSA-N,CCOC(=O)CC(=O)OCC
CWJSHJJYOPWUGX-UHFFFAOYSA-N,CC(C)OC(=O)Nc1cccc(Cl)c1
MBRLOUHOWLUMFF-UHFFFAOYSA-N,COc1ccc2ccc(=O)oc2c1CC=C(C)C
VKCYHJWLYTUGCC-UHFFFAOYSA-N,CCCCCCCC(C)=O
BBMMISOHGVCAMY-UHFFFAOYSA-N,CN1C(=O)c2cccnc2Oc2ccccc21
XCSGPAVHZFQHGE-UHFFFAOYSA-N,CCc1cccc(CC)c1N(COC)C(=O)CCl
FBFCVJNZKBVVRP-UHFFFAOYSA-N,CC(=O)OCN1C(=O)NC(c2ccccc2)(c2ccccc2)C1=O
KWKAKUADMBZCLK-UHFFFAOYSA-N,C=CCCCCCC
KAKZBPTYRLMSJV-UHFFFAOYSA-N,C=CC=C
WTEVQBCEXWBHNA-UHFFFAOYSA-N,CC(C)=CCCC(C)=CC=O
OLWXRKNZPGNRLT-UHFFFAOYSA-N,CCCCCC(=O)OCN1C(=O)NC(c2ccccc2)(c2ccccc2)C1=O
HXVNBWAKAOHACI-UHFFFAOYSA-N,CC(C)C(=O)C(C)C
FMLSQAUAAGVTJO-UHFFFAOYSA-N,CC(C)CC(C)(C)O
FLKPEMZONWLCSK-UHFFFAOYSA-N,CCOC(=O)c1ccccc1C(=O)OCC
SBYAVOHNDJTVPA-UHFFFAOYSA-N,CC(C)CNC(=O)N1CCNC1=O
YNDXUCZADRHECN-UHFFFAOYSA-N,CC1(C)OC2CC3C4CCC5=CC(=O)C=CC5(C)C4(F)C(O)CC3(C)C2(C(=O)CO)O1
HYPRUQJUBWRVEM-UHFFFAOYSA-N,O=C1NC(=O)C2(CCCC2)C(=O)N1
DGBIGWXXNGSACT-UHFFFAOYSA-N,O=C1CN=C(c2ccccc2Cl)c2cc([N+](=O)[O-])ccc2N1
FSNFYCPCXFQJSI-UHFFFAOYSA-N,Cc1ccc(OP(=O)(Oc2cccc(C)c2)Oc2ccccc2C)cc1
RENMDAKOXSCIGH-UHFFFAOYSA-N,N#CCCl
KSCFJBIXMNOVSH-UHFFFAOYSA-N,Cn1c(=O)c2c(ncn2CC(O)CO)n(C)c1=O
ZFXYFBGIUFBOJW-UHFFFAOYSA-N,Cn1c(=O)c2[nH]cnc2n(C)c1=O
QWVGKYWNOKOFNN-UHFFFAOYSA-N,Cc1ccccc1O
PVWOIHVRPOBWPI-UHFFFAOYSA-N,CCCI
NBQCNZYJJMBDKY-UHFFFAOYSA-N,Cc1[nH]c(=O)n(C(C)(C)C)c(=O)c1Cl
IWDCLRJOBJJRNH-UHFFFAOYSA-N,Cc1ccc(O)cc1
QPADNTZLUBYNEN-UHFFFAOYSA-N,C=CCC1(CC)C(=O)NC(=O)NC1=O
LHGVFZTZFXWLCP-UHFFFAOYSA-N,COc1ccccc1O
FMMWHPNWAFZXNH-UHFFFAOYSA-N,c1ccc2c(c1)cc1ccc3cccc4ccc2c1c34
RZVAJINKPMORJF-UHFFFAOYSA-N,CC(=O)Nc1ccc(O)cc1
WWJZWCUNLNYYAU-UHFFFAOYSA-N,COP(=S)(OC)Oc1ccc(Sc2ccc(OP(=S)(OC)OC)cc2)cc1
ZNOLGFHPUIJIMJ-UHFFFAOYSA-N,COP(=S)(OC)Oc1ccc([N+](=O)[O-])c(C)c1
PUIYMUZLKQOUOZ-UHFFFAOYSA-N,CC(C)c1ccc(NC(=O)N(C)C)cc1
BRBKOPJOKNSWSG-UHFFFAOYSA-N,N=C(N)NS(=O)(=O)c1ccc(N)cc1
PGMYKACGEOXYJE-UHFFFAOYSA-N,CCCCCOC(C)=O
URAYPUMNDPQOKB-UHFFFAOYSA-N,CC(=O)OCC(COC(C)=O)OC(C)=O
DOWJXOHBNXRUOD-UHFFFAOYSA-N,Cc1cccc2c1ccc1ccccc12
ISRUGXGCCGIOQO-UHFFFAOYSA-N,CNC(=O)Oc1ccccc1OC(C)C
TVDYTVXARUOWKL-UHFFFAOYSA-N,COC1=C(OC)C2C(=O)OCC2C=C1
VWXIHLCLIOQWRA-UHFFFAOYSA-N,O=c1nc2nccnc2c[nH]1
JZUFKLXOESDKRF-UHFFFAOYSA-N,NS(=O)(=O)c1cc2c(cc1Cl)NCNS2(=O)=O
SDJHPPZKZZWAKF-UHFFFAOYSA-N,C=C(C)C(=C)C
AWJUIBRHMBBTKR-UHFFFAOYSA-N,c1ccc2cnccc2c1
VIROVYVQCGLCII-UHFFFAOYSA-N,CCC1(CCC(C)C)C(=O)NC(=O)NC1=O
GJRQTCIYDGXPES-UHFFFAOYSA-N,CC(=O)OCC(C)C
TZIHFWKZFHZASV-UHFFFAOYSA-N,COC=O
RGHHSNMVTDWUBI-UHFFFAOYSA-N,O=Cc1ccc(O)cc1
NGDNVOAEIVQRFH-UHFFFAOYSA-N,CCCCCCCC(C)O
QXKPLNCZSFACPU-UHFFFAOYSA-N,Cc1ccc2ccc(C)nc2c1
KFZMGEQAYNKOFK-UHFFFAOYSA-N,CC(C)O
FMGSKLZLMKYGDP-UHFFFAOYSA-N,CC12CCC3C(CC=C4CC(O)CCC43C)C1CCC2=O
MWBPRDONLNQCFV-UHFFFAOYSA-N,CC(C)N(C(=O)SCC(Cl)=C(Cl)Cl)C(C)C
DSSYKIVIOFKYAU-UHFFFAOYSA-N,CC12CCC(CC1=O)C2(C)C
ZFMITUMMTDLWHR-UHFFFAOYSA-N,Nc1cc(N2CCCCC2)nc(N)[n+]1[O-]
WQONPSCCEXUXTQ-UHFFFAOYSA-N,Brc1ccccc1Br
HOQADATXFBOEGG-UHFFFAOYSA-N,CCOP(=S)(NC(C)C)Oc1ccccc1C(=O)OC(C)C
MQJKPEGWNLWLTK-UHFFFAOYSA-N,Nc1ccc(S(=O)(=O)c2ccc(N)cc2)cc1
ZXQYGBMAQZUVMI-UHFFFAOYSA-N,CC1(C)C(C=C(Cl)C(F)(F)F)C1C(=O)OC(C#N)c1cccc(Oc2ccccc2)c1
ATROHALUCMTWTB-UHFFFAOYSA-N,CCOP(=S)(OCC)ON=C(C#N)c1ccccc1
YTBRNEUEFCNVHC-UHFFFAOYSA-N,Clc1ccc(-c2ccc(Cl)cc2)cc1
HLZKNKRTKFSKGZ-UHFFFAOYSA-N,CCCCCCCCCCCCCCO
CZMRCDWAGMRECN-UHFFFAOYSA-N,OCC1OC(OC2(CO)OC(CO)C(O)C2O)C(O)C(O)C1O
HGINCPLSRVDWNT-UHFFFAOYSA-N,C=CC=O
ADIMAYPTOBDMTL-UHFFFAOYSA-N,O=C1Nc2ccc(Cl)cc2C(c2ccccc2)=NC1O
QCDWFXQBSFUVSP-UHFFFAOYSA-N,OCCOc1ccccc1
SKZKKFZAGNVIMN-UHFFFAOYSA-N,NC(=O)c1ccccc1O
SYBYTAAJFKOIEJ-UHFFFAOYSA-N,CC(=O)C(C)C
UNNGUFMVYQJGTD-UHFFFAOYSA-N,CCC(C=O)CC
STUSTWKEFDQFFZ-UHFFFAOYSA-N,Cc1cc(Cl)ccc1N=CN(C)C
NXXYKOUNUYWIHA-UHFFFAOYSA-N,Cc1cccc(C)c1O
XKJMBINCVNINCA-UHFFFAOYSA-N,CON(C)C(=O)Nc1ccc(Cl)c(Cl)c1
RJKFOVLPORLFTN-UHFFFAOYSA-N,CC(=O)C1CCC2C3CCC4=CC(=O)CCC4(C)C3CCC12C
WFJIVOKAWHGMBH-UHFFFAOYSA-N,CCCCCCc1ccc(O)cc1O
LTMHDMANZUZIPE-UHFFFAOYSA-N,CC1OC(OC2C(O)CC(OC3C(O)CC(OC4CCC5(C)C(CCC6C5CC(O)C5(C)C(C7=CC(=O)OC7)CCC65O)C4)OC3C)OC2C)CC(O)C1O
BLFLLBZGZJTVJG-UHFFFAOYSA-N,CCOC(=O)c1ccc(N)cc1
WVYWICLMDOOCFB-UHFFFAOYSA-N,CC(C)CC(C)O
PQOSNJHBSNZITJ-UHFFFAOYSA-N,CCCCC(C)(O)CC
JWUJQDFVADABEY-UHFFFAOYSA-N,CC1CCCO1
WQZGKKKJIJFFOK-UHFFFAOYSA-N,OCC1OC(O)C(O)C(O)C1O
YCOXTKKNXUZSKD-UHFFFAOYSA-N,Cc1ccc(O)cc1C
WJNRPILHGGKWCK-UHFFFAOYSA-N,CC(C)Nc1nc(Cl)nc(NC(C)C)n1
XKIRHOWVQWCYBT-UHFFFAOYSA-N,CCC(O)(CC)CC
NVGOPFQZYCNLDU-UHFFFAOYSA-N,CNc1cnn(-c2cccc(C(F)(F)F)c2)c(=O)c1Cl
IWTBVKIGCDZRPL-UHFFFAOYSA-N,CCC(C)CCO
KUAZQDVKQLNFPE-UHFFFAOYSA-N,CN(C)C(=S)SSC(=S)N(C)C
QXAITBQSYVNQDR-UHFFFAOYSA-N,Cc1ccc(N=CN(C)C=Nc2ccc(C)cc2C)c(C)c1
KFUSEUYYWQURPO-UPHRSURJSA-N,Cl/C=C\Cl
KMAQZIILEGKYQZ-UHFFFAOYSA-N,O=[N+]([O-])c1cccc(Cl)c1
JLTDJTHDQAWBAV-UHFFFAOYSA-N,CN(C)c1ccccc1
VZPIPJKBIZCCCK-UHFFFAOYSA-N,CCCCOc1ccc(C(=O)OCC)c(N(CC)CC)c1
KVNYFPKFSJIPBJ-UHFFFAOYSA-N,CCc1ccccc1CC
RMMXTBMQSGEXHJ-UHFFFAOYSA-N,Cc1c(N(C)C)c(=O)n(-c2ccccc2)n1C
RGLYKWWBQGJZGM-UHFFFAOYSA-N,CCC(=C(CC)c1ccc(O)cc1)c1ccc(O)cc1
LFHISGNCFUNFFM-UHFFFAOYSA-N,O=[N+]([O-])C(Cl)(Cl)Cl
GLDOVTGHNKAZLK-UHFFFAOYSA-N,CCCCCCCCCCCCCCCCCCO
VZGDMQKNWNREIO-UHFFFAOYSA-N,ClC(Cl)(Cl)Cl
HHOSMYBYIHNXNO-UHFFFAOYSA-N,CC(C)CCC(C)(C)C
GNHMRTZZNHZDDM-UHFFFAOYSA-N,N#CCCCl
MNSCVRXKDINXEY-UHFFFAOYSA-N,CN1C(C(=O)Nc2ccccn2)C(=O)c2ccccc2S1(=O)=O
NHOWDZOIZKMVAI-UHFFFAOYSA-N,OC(c1ccc(Cl)cc1)(c1cncnc1)c1ccccc1Cl
FMKOJHQHASLBPH-UHFFFAOYSA-N,CC(C)I
CETWDUZRCINIHU-UHFFFAOYSA-N,CCCCCC(C)O
USIUVYZYUHIAEV-UHFFFAOYSA-N,c1ccc(Oc2ccccc2)cc1
FVSKHRXBFJPNKK-UHFFFAOYSA-N,CCC#N
DTGKSKDOIYIVQL-UHFFFAOYSA-N,CC1(C)C2CCC1(C)C(O)C2
CZZYITDELCSZES-UHFFFAOYSA-N,c1ccc(Cc2ccccc2)cc1
PNVJTZOFSHSLTO-UHFFFAOYSA-N,COP(=S)(OC)Oc1ccc(SC)c(C)c1
BFCFYVKQTRLZHA-UHFFFAOYSA-N,O=[N+]([O-])c1ccccc1Cl
YNZXWQJZEDLQEG-UHFFFAOYSA-N,COc1cc2c(N)nc(N3CCN(C(=O)OCC(C)(C)O)CC3)nc2c(OC)c1OC
CXOFVDLJLONNDW-UHFFFAOYSA-N,O=C1NC(=O)C(c2ccccc2)(c2ccccc2)N1
HEZNVIYQEUHLNI-UHFFFAOYSA-N,CCSCc1ccccc1OC(=O)NC
CXKIGWXPPVZSQK-UHFFFAOYSA-N,Clc1ccc(-c2c(Cl)ccc(Cl)c2Cl)c(Cl)c1
IFLREYGFSNHWGE-UHFFFAOYSA-N,c1ccc2cc3cc4ccccc4cc3cc2c1
MWWATHDPGQKSAR-UHFFFAOYSA-N,C#CC
BVOSSZSHBZQJOI-UHFFFAOYSA-N,C=CC(O)CCC
DUEPRVBVGDRKAG-UHFFFAOYSA-N,CNC(=O)Oc1cccc2c1OC(C)(C)C2
KPSSIOMAKSHJJG-UHFFFAOYSA-N,CC(C)(C)CO
AUKRYONWZHRJRE-UHFFFAOYSA-N,Oc1c2ccccc2cc2ccccc12
XMGQYMWWDOXHJM-UHFFFAOYSA-N,C=C(C)C1CC=C(C)CC1
RZILCCPWPBTYDO-UHFFFAOYSA-N,CN(C)C(=O)Nc1cccc(C(F)(F)F)c1
IZUPBVBPLAPZRR-UHFFFAOYSA-N,Oc1c(Cl)c(Cl)c(Cl)c(Cl)c1Cl
NURQLCJSMXZBPC-UHFFFAOYSA-N,Cc1ccncc1C
VAHKBZSAUKPEOV-UHFFFAOYSA-N,Clc1ccc(-c2cc(Cl)ccc2Cl)cc1
RNVCVTLRINQCPJ-UHFFFAOYSA-N,Cc1ccccc1N
AMVYOVYGIJXTQB-UHFFFAOYSA-N,COc1ccc(Oc2ccc(NC(=O)N(C)C)cc2)cc1
JIVPVXMEBJLZRO-UHFFFAOYSA-N,NS(=O)(=O)c1cc(C2(O)NC(=O)c3ccccc32)ccc1Cl
YXIWHUQXZSMYRE-UHFFFAOYSA-N,Sc1nc2ccccc2s1
YNPNZTXNASCQKK-UHFFFAOYSA-N,c1ccc2c(c1)ccc1ccccc12
RQNKKIXVVHCBKY-UHFFFAOYSA-N,O=C1NC(=O)C2(CCCCCCC2)C(=O)N1
BDERNNFJNOPAEC-UHFFFAOYSA-N,CCCO
HXGDTGSAIMULJN-UHFFFAOYSA-N,C1=Cc2cccc3cccc1c23
WWGQHTJIFOQAOC-UHFFFAOYSA-N,Oc1cc(Cl)cc(Cl)c1Cl
PROQIPRRNZUXQM-UHFFFAOYSA-N,CC12CCC3c4ccc(O)cc4CCC3C1CC(O)C2O
DDUHZTYCFQRHIY-UHFFFAOYSA-N,COC1=CC(=O)CC(C)C12Oc1c(Cl)c(OC)cc(OC)c1C2=O
OJYGBLRPYBAHRT-UHFFFAOYSA-N,OCC(O)C1OC2OC(C(Cl)(Cl)Cl)OC2C1O
IQUPABOKLQSFBK-UHFFFAOYSA-N,O=[N+]([O-])c1ccccc1O
BSPCSKHALVHRSR-UHFFFAOYSA-N,CCC(C)Cl
QILSFLSDHQAZET-UHFFFAOYSA-N,OC(c1ccccc1)c1ccccc1
YHRUOJUYPBUZOS-UHFFFAOYSA-N,ClCCCCl
MQIUGAXCHLFZKX-UHFFFAOYSA-N,CCCCCCCCOC(=O)c1ccccc1C(=O)OCCCCCCCC
FXHOOIRPVKKKFG-UHFFFAOYSA-N,CC(=O)N(C)C
XTRDKALNCIHHNI-UHFFFAOYSA-N,Cc1c([N+](=O)[O-])cccc1[N+](=O)[O-]
LSXKDWGTSHCFPP-UHFFFAOYSA-N,CCCCCCCBr
UGQMRVRMYYASKQ-UHFFFAOYSA-N,O=c1[nH]cnc2c1ncn2C1OC(CO)C(O)C1O
FNYLWPVRPXGIIP-UHFFFAOYSA-N,Nc1nc(N)c2nc(-c3ccccc3)c(N)nc2n1
FBSFWRHWHYMIOG-UHFFFAOYSA-N,COC(=O)c1cc(O)c(O)c(O)c1
JHJOOSLFWRRSGU-UHFFFAOYSA-N,COP(=S)(OC)Oc1cc(Cl)c(Cl)cc1Cl
OWNAXTAAAQTBSP-UHFFFAOYSA-N,CN(C)C(=O)Nc1cccc(OC(=O)NC(C)(C)C)c1
XMUJIPOFTAHSOK-UHFFFAOYSA-N,CCCCCCCCCC(C)O
NHDODQWIKUYWMW-UHFFFAOYSA-N,Clc1ccc(Br)cc1
HHLXJTDUHFBYAU-UHFFFAOYSA-N,CCC1(C(C)C)C(=O)NC(=O)NC1=O
RGXWDWUGBIJHDO-UHFFFAOYSA-N,CCCCCCCCCC(=O)OCC
GCKMFJBGXUYNAG-UHFFFAOYSA-N,CC12CCC(=O)C=C1CCC1C2CCC2(C)C1CCC2(C)O
TVMXDCGIABBOFY-UHFFFAOYSA-N,CCCCCCCC
LMYRWZFENFIFIT-UHFFFAOYSA-N,Cc1ccc(S(N)(=O)=O)cc1
DFOXKPDFWGNLJU-UHFFFAOYSA-N,CC(O)C(C)(C)C
MXLMTQWGSQIYOW-UHFFFAOYSA-N,CC(C)C(C)O
QMMFVYPAHWMCMS-UHFFFAOYSA-N,CSC
ZFLIKDUSUDBGCD-UHFFFAOYSA-N,O=C1NC(=O)C(=O)N1
JYGXADMDTFJGBT-UHFFFAOYSA-N,CC12CCC(=O)C=C1CCC1C2C(O)CC2(C)C1CCC2(O)C(=O)CO
GYFAGKUZYNFMBN-UHFFFAOYSA-N,c1cc2ccc3ccc4ccc5cccc6c(c1)c2c3c4c56
NKDDWNXOKDWJAK-UHFFFAOYSA-N,COCOC
JHBKHLUZVFWLAG-UHFFFAOYSA-N,Clc1cc(Cl)c(Cl)cc1Cl
YNARWAUTTJJADX-UHFFFAOYSA-N,CCN1c2ncccc2C(=S)N(C)c2cccnc21
HFACYLZERDEVSX-UHFFFAOYSA-N,Nc1ccc(-c2ccc(N)cc2)cc1
FOXFZRUHNHCZPX-UHFFFAOYSA-N,CSc1nnc(C(C)(C)C)c(=O)n1N
YREQHYQNNWYQCJ-UHFFFAOYSA-N,CCOc1ccc(C(C)(C)COCc2cccc(Oc3ccccc3)c2)cc1
AKUJBENLRBOFTD-UHFFFAOYSA-N,CC(=O)OCC(=O)C1(O)C(C)CC2C3CCC4=CC(=O)C=CC4(C)C3(F)C(O)CC21C
DJEUXBQAKBLKPO-UHFFFAOYSA-N,Clc1ccc(-c2c(Cl)c(Cl)c(Cl)c(Cl)c2Cl)c(Cl)c1
ASVDRLYVNFOSCI-UHFFFAOYSA-N,Cc1cc2c3ccccc3ccc2c2ccccc12
VXNZUUAINFGPBY-UHFFFAOYSA-N,C=CCC
LKPLKUMXSAEKID-UHFFFAOYSA-N,O=[N+]([O-])c1c(Cl)c(Cl)c(Cl)c(Cl)c1Cl
MTBZIGHNGSTDJV-UHFFFAOYSA-N,CCOP(=S)(OCC)N1C(=O)c2ccccc2C1=O
YRGAYAGBVIXNAQ-UHFFFAOYSA-N,COc1ccc(Cl)cc1
IAKOZHOLGAGEJT-UHFFFAOYSA-N,COc1ccc(C(c2ccc(OC)cc2)C(Cl)(Cl)Cl)cc1
CPNGPNLZQNNVQM-UHFFFAOYSA-N,c1cnc2ncncc2n1
KENZYIHFBRWMOD-UHFFFAOYSA-N,Clc1ccc(Cl)c(-c2ccc(Cl)c(Cl)c2)c1
RQVYBGPQFYCBGX-UHFFFAOYSA-N,CCNc1nc(NC(C)C)nc(SC)n1
MLFHJEHSLIIPHL-UHFFFAOYSA-N,CC(=O)OCCC(C)C
QRXWMOHMRWLFEY-UHFFFAOYSA-N,NNC(=O)c1ccncc1
DZMDPHNGKBEVRE-UHFFFAOYSA-N,CCCCCCCCl
NXFQHRVNIOXGAQ-UHFFFAOYSA-N,O=C1CN(N=Cc2ccc([N+](=O)[O-])o2)C(=O)N1
FKRCODPIKNYEAC-UHFFFAOYSA-N,CCOC(=O)CC
IBSQPLPBRSHTTG-UHFFFAOYSA-N,Cc1ccccc1Cl
SMWDFEZZVXVKRB-UHFFFAOYSA-N,c1ccc2ncccc2c1
YFGYUFNIOHWBOB-UHFFFAOYSA-N,Cc1nc(N(C)C)nc(OC(=O)N(C)C)c1C
BJQHLKABXJIVAM-UHFFFAOYSA-N,CCCCC(CC)COC(=O)c1ccccc1C(=O)OCC(CC)CCCC
KVFJBIQWENJTDM-UHFFFAOYSA-N,c1cc2c3c(c4ccc5ccccc5c4cc3c1)CC2
BBMCTIGTTCKYKF-UHFFFAOYSA-N,CCCCCCCO
JSRLURSZEMLAFO-UHFFFAOYSA-N,Brc1cccc(Br)c1
GUBGYTABKSRVRQ-UHFFFAOYSA-N,OCC1OC(OC2C(CO)OC(O)C(O)C2O)C(O)C(O)C1O
AKCRQHGQIJBRMN-UHFFFAOYSA-N,Nc1ccccc1Cl
PVVKNINYCJVIFZ-UHFFFAOYSA-N,CCN1c2cc(OC)cc(C)c2NC(=O)c2cccnc21
XKJCHHZQLQNZHY-UHFFFAOYSA-N,O=C1NC(=O)c2ccccc21
GNXFOGHNGIVQEH-UHFFFAOYSA-N,COc1ccccc1OCC(O)COC(N)=O
CYTYCFOTNPOANT-UHFFFAOYSA-N,ClC(Cl)=C(Cl)Cl
VIROVYVQCGLCII-UHFFFAOYSA-N,CCC1(CCC(C)C)C(=O)NC(=O)NC1=O
PBMFSQRYOILNGV-UHFFFAOYSA-N,c1ccnnc1
XXOYNJXVWVNOOJ-UHFFFAOYSA-N,CN(C)C(=O)Nc1ccccc1
HKMTVMBEALTRRR-UHFFFAOYSA-N,c1ccc2c(c1)Cc1c-2ccc2ccccc12
UOCLXMDMGBRAIB-UHFFFAOYSA-N,CC(Cl)(Cl)Cl
WURBVZBTWMNKQT-UHFFFAOYSA-N,CC(C)(C)C(=O)C(Oc1ccc(Cl)cc1)n1cncn1
PAAZPARNPHGIKF-UHFFFAOYSA-N,BrCCBr
CTSLUCNDVMMDHG-UHFFFAOYSA-N,CCC(C)n1c(=O)[nH]c(C)c(Br)c1=O
OMFXVFTZEKFJBZ-UHFFFAOYSA-N,CC12CCC(=O)C=C1CCC1C2C(O)CC2(C)C(C(=O)CO)CCC12
WHTBVLXUSXVMEV-UHFFFAOYSA-N,Cc1cc(S(=O)(=O)c2ccccc2)ccc1NS(=O)(=O)C(F)(F)F
IPEHBUMCGVEMRF-UHFFFAOYSA-N,NC(=O)c1cnccn1
FJBFPHVGVWTDIP-UHFFFAOYSA-N,BrCBr
XNLICIUVMPYHGG-UHFFFAOYSA-N,CCCC(C)=O
PYLMCYQHBRSDND-UHFFFAOYSA-N,CCCC=C(C=O)CC
RMVRSNDYEFQCLF-UHFFFAOYSA-N,Sc1ccccc1
XGCHAIDDPMFRLJ-UHFFFAOYSA-N,Oc1c(Cl)ccc(Cl)c1Cl
KNKRKFALVUDBJE-UHFFFAOYSA-N,CC(Cl)CCl
DOFZAZXDOSGAJZ-UHFFFAOYSA-N,CCOP(=S)(OCC)SCCSCC
KLSJWNVTNUYHDU-UHFFFAOYSA-N,Nc1nc[nH]n1
ITRJWOMZKQRYTA-UHFFFAOYSA-N,CC(=O)OCC(=O)C1(O)CCC2C3CCC4=CC(=O)CCC4(C)C3C(=O)CC21C
ZZLCFHIKESPLTH-UHFFFAOYSA-N,Cc1ccc(-c2ccccc2)cc1
WDNBURPWRNALGP-UHFFFAOYSA-N,Oc1ccc(Cl)c(Cl)c1
AFABGHUZZDYHJO-UHFFFAOYSA-N,CCCC(C)C
WXNZTHHGJRFXKQ-UHFFFAOYSA-N,Oc1ccc(Cl)cc1
JWAZRIHNYRIHIV-UHFFFAOYSA-N,Oc1ccc2ccccc2c1
DHXVGJBLRPWPCS-UHFFFAOYSA-N,C1CCOCC1
OJGMBLNIHDZDGS-UHFFFAOYSA-N,CCNc1ccccc1
XDTMQSROBMDMFD-UHFFFAOYSA-N,C1CCCCC1
FHADSMKORVFYOS-UHFFFAOYSA-N,OC1CCCCCCC1
QRMPKOFEUHIBNM-UHFFFAOYSA-N,CC1CCC(C)CC1
AEMFNILZOJDQLW-UHFFFAOYSA-N,CC12CCC3C(CCC4=CC(=O)CCC43C)C1CCC2=O
FDQGNLOWMMVRQL-UHFFFAOYSA-N,C=CCC1(CC=C)C(=O)NC(=O)NC1=O
YASYVMFAVPKPKE-UHFFFAOYSA-N,COP(=O)(NC(C)=O)SC
QGRPVMLBTFGQDQ-UHFFFAOYSA-N,COc1ccccc1Cl
LPIQUOYDBNQMRZ-UHFFFAOYSA-N,C1=CCCC1
DIKBFYAXUHHXCS-UHFFFAOYSA-N,BrC(Br)Br
UVJHQYIOXKWHFD-UHFFFAOYSA-N,C1=CCC=CC1
CVQODEWAPZVVBU-UHFFFAOYSA-N,CNC(=O)Oc1cc(C)cc(C)c1
HNKJADCVZUBCPG-UHFFFAOYSA-N,CSc1ccccc1
MJVAVZPDRWSRRC-UHFFFAOYSA-N,CC1=CC(=O)c2ccccc2C1=O
GZFGOTFRPZRKDS-UHFFFAOYSA-N,Oc1ccc(Br)cc1
LRJOMUJRLNCICJ-UHFFFAOYSA-N,CC(=O)OCC(=O)C1(O)CCC2C3CCC4=CC(=O)C=CC4(C)C3C(O)CC21C
CTMHWPIWNRWQEG-UHFFFAOYSA-N,CC1=CCCCC1
IJFPVINAQGWBRJ-UHFFFAOYSA-N,CC(C)CCCCCOC(=O)c1ccccc1C(=O)OCCCCCC(C)C
DDMOUSALMHHKOS-UHFFFAOYSA-N,FC(F)(Cl)C(F)(F)Cl
TXCDCPKCNAJMEE-UHFFFAOYSA-N,c1ccc2c(c1)oc1ccccc12
YCSBALJAGZKWFF-UHFFFAOYSA-N,Nc1ccc2cc3ccccc3cc2c1
NBLIVIWUPTWDMD-UHFFFAOYSA-N,O=C1NC(=O)C2(CCCCC2)C(=O)N1
XSTXAVWGXDQKEL-UHFFFAOYSA-N,ClC=C(Cl)Cl
FTOVXSOBNPWTSH-UHFFFAOYSA-N,c1ccc2c(c1)-c1cccc3c1c-2cc1ccccc13
RDHPKYGYEGBMSE-UHFFFAOYSA-N,CCBr
OFDYMSKSGFSLLM-UHFFFAOYSA-N,CCN(CC)c1c([N+](=O)[O-])cc(C(F)(F)F)c(N)c1[N+](=O)[O-]
IUMRYNUBZSCOQG-UHFFFAOYSA-N,CCN1c2ccccc2C(=O)N(C)c2ccccc21
UFNIBRDIUNVOMX-UHFFFAOYSA-N,Clc1ccc(-c2ccccc2Cl)cc1
PBKONEOXTCPAFI-UHFFFAOYSA-N,Clc1ccc(Cl)c(Cl)c1
SIKJAQJRHWYJAI-UHFFFAOYSA-N,c1ccc2[nH]ccc2c1
RELMFMZEBKVZJC-UHFFFAOYSA-N,Clc1cccc(Cl)c1Cl
MPEOPBCQHNWNFB-UHFFFAOYSA-N,Clc1ccccc1I
OPNPQXLQERQBBV-UHFFFAOYSA-N,CCC(Br)(CC)C(=O)NC(N)=O
DSKJPMWIHSOYEA-UHFFFAOYSA-N,CCCCc1c(C)nc(NCC)nc1OS(=O)(=O)N(C)C
QPUYECUOLPXSFR-UHFFFAOYSA-N,Cc1cccc2ccccc12
UQDUPQYQJKYHQI-UHFFFAOYSA-N,CCCCCCCCCCCC(=O)OC
MCSINKKTEDDPNK-UHFFFAOYSA-N,CCCOC(=O)CC
ZRIHAIZYIMGOAB-UHFFFAOYSA-N,CCC(C)C1(CC)C(=O)NC(=O)NC1=O
HFACYLZERDEVSX-UHFFFAOYSA-N,Nc1ccc(-c2ccc(N)cc2)cc1
OWZREIFADZCYQD-UHFFFAOYSA-N,CC1(C)C(C=C(Br)Br)C1C(=O)OC(C#N)c1cccc(Oc2ccccc2)c1
APQSQLNWAIULLK-UHFFFAOYSA-N,Cc1ccc(C)c2ccccc12
JARKCYVAAOWBJS-UHFFFAOYSA-N,CCCCCC=O
XITQUSLLOSKDTB-UHFFFAOYSA-N,O=[N+]([O-])c1ccc(Oc2ccc(Cl)cc2Cl)cc1
GWOFUCIGLDBNKM-UHFFFAOYSA-N,O=C(OCC(O)CO)c1ccccc1Nc1ccnc2cc(Cl)ccc12
ZERULLAPCVRMCO-UHFFFAOYSA-N,CCCSCCC
RSWPVXFVQHCCCI-UHFFFAOYSA-N,O=C1NC(=O)C2(CCCCCC2)C(=O)N1
LXCFILQKKLGQFO-UHFFFAOYSA-N,COC(=O)c1ccc(O)cc1
PAYRUJLWNCNPSJ-UHFFFAOYSA-N,Nc1ccccc1
HDZGCSFEDULWCS-UHFFFAOYSA-N,CNN
UEJJHQNACJXSKW-UHFFFAOYSA-N,O=C1CCC(N2C(=O)c3ccccc3C2=O)C(=O)N1
RMOUBSOVHSONPZ-UHFFFAOYSA-N,CC(C)OC=O
GYRPICHNIDQFOD-UHFFFAOYSA-N,C#CC1(O)CCC2C3CCC4=CC(=O)CCC4(O)C3CCC21C
FRDAATYAJDYRNW-UHFFFAOYSA-N,CCC(C)(O)CC
SBNFWQZLDJGRLK-UHFFFAOYSA-N,CC(C)=CC1C(C(=O)OCc2cccc(Oc3ccccc3)c2)C1(C)C
IOJUPLGTWVMSFF-UHFFFAOYSA-N,c1ccc2scnc2c1
RZRPTBIGEANTGU-UHFFFAOYSA-N,CC12CC(=O)C3C(CCC4=CC(=O)CCC43C)C1CCC2=O
QMMOXUPEWRXHJS-HWKANZROSA-N,C/C=C/CC
NUVBSKCKDOMJSU-UHFFFAOYSA-N,CCOC(=O)c1ccc(O)cc1
LCXMEXLGMKFLQO-UHFFFAOYSA-N,Clc1ccc(-c2cc(Cl)c(Cl)c(Cl)c2Cl)cc1Cl
MVWHGTYKUMDIHL-UHFFFAOYSA-N,Clc1cc(Cl)c(-c2cc(Cl)c(Cl)cc2Cl)cc1Cl
TUAMRELNJMMDMT-UHFFFAOYSA-N,Cc1cc(C)cc(O)c1
BYEVBITUADOIGY-UHFFFAOYSA-N,CCCCCCCCC(=O)OCC
BKOOMYPCSUNDGP-UHFFFAOYSA-N,CC=C(C)C
XQZYPMVTSDWCCE-UHFFFAOYSA-N,N#Cc1ccccc1C#N
AUZONCFQVSMFAP-UHFFFAOYSA-N,CCN(CC)C(=S)SSC(=S)N(CC)CC
RSPPUQXSQYBMEE-UHFFFAOYSA-N,CCN1c2nc(N(C)CCO)ccc2NC(=O)c2cccnc21
YVGGHNCTFXOJCH-UHFFFAOYSA-N,Clc1ccc(C(c2ccc(Cl)cc2)C(Cl)(Cl)Cl)cc1
DJPZSBANTAQNFN-UHFFFAOYSA-N,CC(=O)OC1CCC2C3CCC4=CC(=O)CCC4(C)C3CCC12C
QPRQEDXDYOZYLA-UHFFFAOYSA-N,CCC(C)CO
WDJUZGPOPHTGOT-UHFFFAOYSA-N,CC1OC(OC2C(O)CC(OC3C(O)CC(OC4CCC5(C)C(CCC6C5CCC5(C)C(C7=CC(=O)OC7)CCC65O)C4)OC3C)OC2C)CC(O)C1O
QTBFPMKWQKYFLR-UHFFFAOYSA-N,CC(C)CCl
LINPIYWFGCPVIE-UHFFFAOYSA-N,Oc1c(Cl)cc(Cl)cc1Cl
CULUWZNBISUWAS-UHFFFAOYSA-N,O=C(Cn1ccnc1[N+](=O)[O-])NCc1ccccc1
FYFDQJRXFWGIBS-UHFFFAOYSA-N,O=[N+]([O-])c1ccc([N+](=O)[O-])cc1
HMIBKHHNXANVHR-UHFFFAOYSA-N,CN(C)C(=O)SCCCCOc1ccccc1
WMSQREUDUHHDDC-UHFFFAOYSA-N,C=CCC1(C)C(=O)NC(=O)NC1=O
VQTUBCCKSQIDNK-UHFFFAOYSA-N,C=C(C)C
RZXMPPFPUUCRFN-UHFFFAOYSA-N,Cc1ccc(N)cc1
JFDZBHWFFUWGJE-UHFFFAOYSA-N,N#Cc1ccccc1
BXWNKGSJHAJOGX-UHFFFAOYSA-N,CCCCCCCCCCCCCCCCO
YYZUSRORWSJGET-UHFFFAOYSA-N,CCCCCCCC(=O)OCC
WWUVJRULCWHUSA-UHFFFAOYSA-N,C=C(C)CCC
NIKKSNUDXYPTRO-UHFFFAOYSA-N,COc1ncc2nccnc2n1
CDOSHBSSFJOMGT-UHFFFAOYSA-N,C=CC(C)(O)CCC=C(C)C
NIHNNTQXNPWCJQ-UHFFFAOYSA-N,c1ccc2c(c1)Cc1ccccc1-2
ACBMYYVZWKYLIP-UHFFFAOYSA-N,CCCCCC(C)(C)O
JXSJBGJIGXNWCI-UHFFFAOYSA-N,CCOC(=O)CC(SP(=S)(OC)OC)C(=O)OCC
YGLMVCVJLXREAK-UHFFFAOYSA-N,CN(C)C(=O)NC1CC2CC1C1CCCC21
OZKOMUDCMCEDTM-UHFFFAOYSA-N,c1cnc2c(c1)ccc1ncccc12
GYSSRZJIHXQEHQ-UHFFFAOYSA-N,CC1=C(C(=O)Nc2ccccc2)SCCO1
BZNDWPRGXNILMS-UHFFFAOYSA-N,CCNP(=S)(OC)OC(C)=CC(=O)OC(C)C
KCXZNSGUUQJJTR-UHFFFAOYSA-N,CCCCCCOC(=O)c1ccccc1C(=O)OCCCCCC
ISAOCJYIOMOJEB-UHFFFAOYSA-N,O=C(c1ccccc1)C(O)c1ccccc1
RCFRTWDBBMGLGK-UHFFFAOYSA-N,CCC1(C)C(=O)NC(=O)NC1=O
QXKHYNVANLEOEG-UHFFFAOYSA-N,COc1c2occc2cc2ccc(=O)oc12
CMVQZRLQEOAYSW-UHFFFAOYSA-N,O=[N+]([O-])c1cccc(Cl)c1Cl
UYFLKEIEOREOFC-UHFFFAOYSA-N,O=C1C(=O)C(C2CCC(c3ccc(Cl)cc3)CC2)C(=O)c2ccccc21
LGXVIGDEPROXKC-UHFFFAOYSA-N,C=C(Cl)Cl
WEEGYLXZBRQIMU-UHFFFAOYSA-N,CC12CCC(CC1)C(C)(C)O2
ZTMKADLOSYKWCA-UHFFFAOYSA-N,O=c1[nH]c2c(c(=O)n1C1CCCCC1)CCC2
CXWXQJXEFPUFDZ-UHFFFAOYSA-N,c1ccc2c(c1)CCCC2
LRUUNMYPIBZBQH-UHFFFAOYSA-N,Cn1c(=O)on(-c2ccc(Cl)c(Cl)c2)c1=O
WKRLQDKEXYKHJB-UHFFFAOYSA-N,CC12CCC3C(=CCc4cc(O)ccc43)C1CCC2=O
CTQNGGLPUBDAKN-UHFFFAOYSA-N,Cc1ccccc1C
KANLOADZXMMCQA-UHFFFAOYSA-N,Cc1ccc2c(ccc3ccccc32)c1
FBPFZTCFMRRESA-UHFFFAOYSA-N,OCC(O)C(O)C(O)C(O)CO
FSCWZHGZWWDELK-UHFFFAOYSA-N,C=CC1(C)OC(=O)N(c2cc(Cl)cc(Cl)c2)C1=O
CJGXJKVMUHXVHL-UHFFFAOYSA-N,CC(C)(C)Cc1ccccc1
OWZPCEFYPSAJFR-UHFFFAOYSA-N,CCC(C)c1cc([N+](=O)[O-])cc([N+](=O)[O-])c1O
OCJBOOLMMGQPQU-UHFFFAOYSA-N,Clc1ccc(Cl)cc1
YVXHZKKCZYLQOP-UHFFFAOYSA-N,C#CCCCCC
RDOWQLZANAYVLL-UHFFFAOYSA-N,c1ccc2c(c1)cnc1ccccc12
PQSUYGKTWSAVDQ-UHFFFAOYSA-N,CC12CCC(=O)C=C1CCC1C2C(O)CC2(C=O)C(C(=O)CO)CCC12
QBYJBZPUGVGKQQ-UHFFFAOYSA-N,ClC1=C(Cl)C2(Cl)C3C4C=CC(C4)C3C1(Cl)C2(Cl)Cl
NYQDCVLCJXRDSK-UHFFFAOYSA-N,COP(=S)(OC)Oc1cc(Cl)c(Br)cc1Cl
RAIPHJJURHTUIC-UHFFFAOYSA-N,Nc1nccs1
ODNZLRLWXRXPOH-UHFFFAOYSA-N,Nc1cnn(-c2ccccc2)c(=O)c1Br
SJWFXCIHNDVPSH-UHFFFAOYSA-N,CCCCCCC(C)O
HNBDRPTVWVGKBR-UHFFFAOYSA-N,CCCCC(=O)OC
KDDQDUIBYASSFC-UHFFFAOYSA-N,CCN1c2ncccc2C(=O)Nc2c(C(F)(F)F)cc(C)nc21
ONUFESLQCSAYKA-UHFFFAOYSA-N,CC(C)NC(=O)N1CC(=O)N(c2cc(Cl)cc(Cl)c2)C1=O
QCKHVNQHBOGZER-UHFFFAOYSA-N,Brc1cc(Br)c(Br)cc1Br
GGLIEWRLXDLBBF-UHFFFAOYSA-N,CCOc1ccc(NC(N)=O)cc1
JWUCHKBSVLQQCO-UHFFFAOYSA-N,OC(Cn1cncn1)(c1ccc(F)cc1)c1ccccc1F
IBYHHJPAARCAIE-UHFFFAOYSA-N,ClCCBr
WJRBRSLFGCUECM-UHFFFAOYSA-N,O=C1CNC(=O)N1
CJHXCRMKMMBYJQ-UHFFFAOYSA-N,CCCCc1c(C)nc(N(C)C)[nH]c1=O
MTCPZNVSDFCBBE-UHFFFAOYSA-N,Clc1cc(Cl)c(-c2c(Cl)cccc2Cl)c(Cl)c1
WZJZMXBKUWKXTQ-UHFFFAOYSA-N,CCOC(=O)Nc1cccc(OC(=O)Nc2ccccc2)c1
LAXBNTIAOJWAOP-UHFFFAOYSA-N,Clc1ccccc1-c1ccccc1
ZGEGCLOFRBLKSE-UHFFFAOYSA-N,C=CCCCCC
JMMWKPVZQRWMSS-UHFFFAOYSA-N,CC(=O)OC(C)C
LGYTZKPVOAIUKX-UHFFFAOYSA-N,CC(=O)CCC1C(=O)N(c2ccccc2)N(c2ccccc2)C1=O
SCWKRWCUMCMVPW-UHFFFAOYSA-N,CNC(=O)Oc1ccccc1
ZFFMLCVRJBZUDZ-UHFFFAOYSA-N,CC(C)C(C)C
MXWJVTOOROXGIU-UHFFFAOYSA-N,CCNc1nc(Cl)nc(NC(C)C)n1
JDLKFOPOAOFWQN-UHFFFAOYSA-N,C=CCS[S+]([O-])CC=C
SQCZQTSHSZLZIQ-UHFFFAOYSA-N,CCCCCCl
OTMSDBZUPAUEDD-UHFFFAOYSA-N,CC
PCWGTDULNUVNBN-UHFFFAOYSA-N,CC(C)CCCO
ZOKXUAHZSKEQSS-UHFFFAOYSA-N,CCCCSP(=O)(SCCCC)SCCCC
AIKKULXCBHRFOS-UHFFFAOYSA-N,COP(=S)(OC)SCC(=O)N(C)C=O
BZLVMXJERCGZMT-UHFFFAOYSA-N,COC(C)(C)C
QQZOPKMRPOGIEB-UHFFFAOYSA-N,CCCCC(C)=O
ISPYQTSUDJAMAB-UHFFFAOYSA-N,Oc1ccccc1Cl
SNHRLVCMMWUAJD-UHFFFAOYSA-N,CCCCC(=O)OC1(C(=O)CO)C(C)CC2C3CCC4=CC(=O)C=CC4(C)C3(F)C(O)CC21C
SWJPEBQEEAHIGZ-UHFFFAOYSA-N,Brc1ccc(Br)cc1
MRBRHCRUXKHKKI-UHFFFAOYSA-N,CCN1C(=O)c2ccccc2Oc2ccccc21
RJKGJBPXVHTNJL-UHFFFAOYSA-N,O=[N+]([O-])c1cccc2ccccc12
XKYICAQFSCFURC-UHFFFAOYSA-N,CC(C)CCOC=O
GYMFBYTZOGMSQJ-UHFFFAOYSA-N,Cc1ccc2cc3ccccc3cc2c1
SJNIEBAPMPLYAB-UHFFFAOYSA-N,CCOP(=S)(OCC)Oc1ccc2oc(=O)c(Cl)c(C)c2c1
YKYONYBAUNKHLG-UHFFFAOYSA-N,CCCOC(C)=O
ISWSIDIOOBJBQZ-UHFFFAOYSA-N,Oc1ccccc1
YXFVVABEGXRONW-UHFFFAOYSA-N,Cc1ccccc1
MBDMKWJEKDHRRP-UHFFFAOYSA-N,CCOC(=O)c1ccccc1S(=O)(=O)NN(C=O)c1nc(Cl)cc(OC)n1
MTZQAGJQAFMTAQ-UHFFFAOYSA-N,CCOC(=O)c1ccccc1
DLKQHBOKULLWDQ-UHFFFAOYSA-N,Brc1cccc2ccccc12
ARSRBNBHOADGJU-UHFFFAOYSA-N,Cc1c2ccccc2c(C)c2c1ccc1ccccc12
CKLLRBPBZLTGDJ-UHFFFAOYSA-N,Clc1ccc(-c2cc(Cl)c(Cl)c(Cl)c2Cl)c(Cl)c1
AMQJEAYHLZJPGS-UHFFFAOYSA-N,CCCCCO
BTAGRXWGMYTPBY-UHFFFAOYSA-N,Clc1ccc(-c2ccc(Cl)c(Cl)c2Cl)c(Cl)c1Cl
SWMGXKSQWDSBKV-UHFFFAOYSA-N,CN1CC(O)N(c2nnc(C(C)(C)C)s2)C1=O
WTYGAUXICFETTC-UHFFFAOYSA-N,CCC1(C2=CCCCC2)C(=O)NC(=O)NC1=O
VPOMSPZBQMDLTM-UHFFFAOYSA-N,Oc1cc(Cl)cc(Cl)c1
WESDBLALURHRDL-UHFFFAOYSA-N,Cc1ncnc2nccnc12
OTKXWJHPGBRXCR-UHFFFAOYSA-N,COP(=S)(OC)Oc1ccc([N+](=O)[O-])cc1Cl
IJXHLVMUNBOGRR-UHFFFAOYSA-N,CCCCCCCCC(=O)OC
MHNNAWXXUZQSNM-UHFFFAOYSA-N,C=C(C)CC
VJJPUSNTGOMMGY-UHFFFAOYSA-N,COc1cc(C2c3cc4c(cc3C(OC3OC5COC(C)OC5C(O)C3O)C3COC(=O)C23)OCO4)cc(OC)c1O
JFSPBVWPKOEZCB-UHFFFAOYSA-N,Cc1occc1C(=O)Nc1ccccc1
LESVOLZBIFDZGS-UHFFFAOYSA-N,CNC(=O)C(C)SCCSP(=O)(OC)OC
LJOZMWRYMKECFF-UHFFFAOYSA-N,O=C(Nc1ccccc1)c1ccccc1I
LKJPSUCKSLORMF-UHFFFAOYSA-N,CON(C)C(=O)Nc1ccc(Cl)cc1
MUKSMBAVCDPKRC-UHFFFAOYSA-N,Cc1ccc2c(c1)Oc1ncc(N)cc1C(=O)N2C
UHCLFIWDCYOTOL-UHFFFAOYSA-N,Clc1ccc(Cl)c(-c2c(Cl)c(Cl)cc(Cl)c2Cl)c1
PFCHFHIRKBAQGU-UHFFFAOYSA-N,CCCC(=O)CC
VTLYHLREPCPDKX-UHFFFAOYSA-N,Clc1cccc(-c2cccc(Cl)c2Cl)c1Cl
KZNICNPSHKQLFF-UHFFFAOYSA-N,O=C1CCC(=O)N1
ZAJNGDIORYACQU-UHFFFAOYSA-N,CCCCCCCCC(C)=O
HIMXGTXNXJYFGB-UHFFFAOYSA-N,O=C1NC(=O)C(=O)C(=O)N1
BFPYWIDHMRZLRN-UHFFFAOYSA-N,C#CC1(O)CCC2C3CCc4cc(O)ccc4C3CCC21C
POZRVZJJTULAOH-UHFFFAOYSA-N,C#CC1(O)CCC2C3CCC4=Cc5oncc5CC4(C)C3CCC21C
GFNANZIMVAIWHM-UHFFFAOYSA-N,CC12C=CC(=O)C=C1CCC1C3CC(O)C(O)(C(=O)CO)C3(C)CC(O)C12F
LIKMAJRDDDTEIG-UHFFFAOYSA-N,C=CCCCC
GWHJZXXIDMPWGX-UHFFFAOYSA-N,Cc1ccc(C)c(C)c1
MZZBPDKVEFVLFF-UHFFFAOYSA-N,CCNc1nc(Cl)nc(NC(C)(C)C#N)n1
BPRYUXCVCCNUFE-UHFFFAOYSA-N,Cc1cc(C)c(O)c(C)c1
BCMCBBGGLRIHSE-UHFFFAOYSA-N,c1ccc2ocnc2c1
XEOXEBNPBKUGJH-UHFFFAOYSA-N,O=CNC(N1C=CN(C(NC=O)C(Cl)(Cl)Cl)C=C1)C(Cl)(Cl)Cl
SDKQRNRRDYRQKY-UHFFFAOYSA-N,CNC(=O)Oc1ccccc1C1OCCO1
OVYWMEWYEJLIER-UHFFFAOYSA-N,Oc1ccc2ncccc2c1
VEQOALNAAJBPNY-UHFFFAOYSA-N,Cc1cc(=O)n(-c2ccccc2)n1C
GHMLBKRAJCXXBS-UHFFFAOYSA-N,Oc1cccc(O)c1
RLLPVAHGXHCWKJ-UHFFFAOYSA-N,CC1(C)C(C=C(Cl)Cl)C1C(=O)OCc1cccc(Oc2ccccc2)c1
JOYRKODLDBILNP-UHFFFAOYSA-N,CCOC(N)=O
GGSUCNLOZRCGPQ-UHFFFAOYSA-N,CCN(CC)c1ccccc1
KZAUOCCYDRDERY-UHFFFAOYSA-N,CNC(=O)ON=C(SC)C(=O)N(C)C
CPJSUEIXXCENMM-UHFFFAOYSA-N,CCOc1ccc(NC(C)=O)cc1
ZWRUINPWMLAQRD-UHFFFAOYSA-N,CCCCCCCCCO
DQMZLTXERSFNPB-UHFFFAOYSA-N,CCC1(c2ccccc2)C(=O)NCNC1=O
CHNXZKVNWQUJIB-UHFFFAOYSA-N,C#CC1(O)CCC2C3CCC4=CC(=O)CCC4(C)C3CCC21C
LHHGDZSESBACKH-UHFFFAOYSA-N,O=C1C2(Cl)C3(Cl)C4(Cl)C(Cl)(Cl)C5(Cl)C3(Cl)C1(Cl)C5(Cl)C24Cl
CCGPUGMWYLICGL-UHFFFAOYSA-N,CCCCN(C)C(=O)Nc1ccc(Cl)c(Cl)c1
GWEHVDNNLFDJLR-UHFFFAOYSA-N,O=C(Nc1ccccc1)Nc1ccccc1
SKZKKFZAGNVIMN-UHFFFAOYSA-N,NC(=O)c1ccccc1O
GBIHOLCMZGAKNG-UHFFFAOYSA-N,CC(C)C(C(=O)OC(C#N)c1cccc(Oc2ccccc2)c1)c1ccc(OC(F)F)cc1
LMJSLTNSBFUCMU-UHFFFAOYSA-N,NS(=O)(=O)c1cc2c(cc1Cl)NC(C(Cl)Cl)NS2(=O)=O
WVDDGKGOMKODPV-UHFFFAOYSA-N,OCc1ccccc1
HVVINGXJHBOTJQ-UHFFFAOYSA-N,Cc1ccc2c(ccc3c4c5c(cccc5cc32)CC4)c1
PLAZTCDQAHEYBI-UHFFFAOYSA-N,Cc1ccccc1[N+](=O)[O-]
VHUNCYDAXJGCLO-UHFFFAOYSA-N,COC(=O)c1ccccc1OC1OC(COC2OCC(O)C(O)C2O)C(O)C(O)C1O
QVLAWKAXOMEXPM-UHFFFAOYSA-N,ClCC(Cl)(Cl)Cl
CJDWRQLODFKPEL-UHFFFAOYSA-N,O=C(NC(=O)c1c(F)cccc1F)Nc1cc(Cl)c(F)c(Cl)c1F
HPYNZHMRTTWQTB-UHFFFAOYSA-N,Cc1cccnc1C
MCOQHIWZJUDQIC-UHFFFAOYSA-N,O=C(Nc1cccc(Cl)c1)OCC#CCCl
MDNWOSOZYLHTCG-UHFFFAOYSA-N,Oc1ccc(Cl)cc1Cc1cc(Cl)ccc1O
HSFWRNGVRCDJHI-UHFFFAOYSA-N,C#C
HPXRVTGHNJAIIH-UHFFFAOYSA-N,OC1CCCCC1
YWAKXRMUMFPDSH-UHFFFAOYSA-N,C=CCCC
NLHHRLWOUZZQLW-UHFFFAOYSA-N,C=CC#N
LOMMDWBTANPFEJ-UHFFFAOYSA-N,Nc1cccc2nc3ccccc3cc12
DPJCXCZTLWNFOH-UHFFFAOYSA-N,Nc1ccccc1[N+](=O)[O-]
CETBSQOFQKLHHZ-UHFFFAOYSA-N,CCSSCC
WWRCMNKATXZARA-UHFFFAOYSA-N,Cc1ccccc1C(C)C
JUVIOZPCNVVQFO-UHFFFAOYSA-N,C=C(C)C1Cc2c(ccc3c2OC2COc4cc(OC)c(OC)cc4C2C3=O)O1
KVZJLSYJROEPSQ-UHFFFAOYSA-N,CC1CCCCC1C
UBQKCCHYAOITMY-UHFFFAOYSA-N,O=c1cccc[nH]1
CGYGETOMCSJHJU-UHFFFAOYSA-N,Clc1ccc2ccccc2c1
BAXOFTOLAUCFNW-UHFFFAOYSA-N,c1ccc2[nH]ncc2c1
UYTPUPDQBNUYGX-UHFFFAOYSA-N,Nc1nc2[nH]cnc2c(=O)[nH]1
QQQYTWIFVNKMRW-UHFFFAOYSA-N,O=C(NC(=O)c1c(F)cccc1F)Nc1ccc(Cl)cc1
ULDHMXUKGWMISQ-UHFFFAOYSA-N,C=C(C)C1CC=C(C)C(=O)C1
UCNVFOCBFJOQAL-UHFFFAOYSA-N,ClC(Cl)=C(c1ccc(Cl)cc1)c1ccc(Cl)cc1
CZGCEKJOLUNIFY-UHFFFAOYSA-N,O=[N+]([O-])c1ccc(Cl)cc1
DHKHKXVYLBGOIT-UHFFFAOYSA-N,CCOC(C)OCC
POLCUAVZOMRGSN-UHFFFAOYSA-N,CCCOCCC
DCUJJWWUNKIJPH-UHFFFAOYSA-N,Clc1cccc(C(Cl)(Cl)Cl)n1
KIWUVOGUEXMXSV-UHFFFAOYSA-N,O=C1CSC(=S)N1
NAMYKGVDVNBCFQ-UHFFFAOYSA-N,CC(C)Br
YZZVKLJKDFFSFL-UHFFFAOYSA-N,COc1c(O)c(Cl)c(Cl)c(Cl)c1Cl
NFLGAXVYCFJBMK-UHFFFAOYSA-N,CC1CCC(C(C)C)C(=O)C1
AHJKRLASYNVKDZ-UHFFFAOYSA-N,Clc1ccc(C(c2ccc(Cl)cc2)C(Cl)Cl)cc1
CFBYEGUGFPZCNF-UHFFFAOYSA-N,COc1ccccc1[N+](=O)[O-]
KMGBZBJJOKUPIA-UHFFFAOYSA-N,CCCCI
WYURNTSHIVDZCO-UHFFFAOYSA-N,C1CCOC1
SMDHCQAYESWHAE-UHFFFAOYSA-N,CCCCN(CC)c1c([N+](=O)[O-])cc(C(F)(F)F)cc1[N+](=O)[O-]
ZMHWQAHZKUPENF-UHFFFAOYSA-N,Clc1ccc(-c2cccc(Cl)c2Cl)cc1
YAPQBXQYLJRXSA-UHFFFAOYSA-N,Cn1cnc2c1c(=O)[nH]c(=O)n2C
ZLVJUFHIMOUPMS-UHFFFAOYSA-N,CCN1c2cc(N(C)C)cc(C)c2NC(=O)c2cccnc21
OWNRRUFOJXFKCU-UHFFFAOYSA-N,O=c1oc2ccccc2c(O)c1C(CC(O)c1ccc(-c2ccc(Br)cc2)cc1)c1ccccc1
UBCKGWBNUIFUST-UHFFFAOYSA-N,COP(=O)(OC)OC(=CCl)c1cc(Cl)c(Cl)cc1Cl
NPUKDXXFDDZOKR-UHFFFAOYSA-N,CCOC(=O)c1cncn1C(C)c1ccccc1
AAOVKJBEBIDNHE-UHFFFAOYSA-N,CN1C(=O)CN=C(c2ccccc2)c2cc(Cl)ccc21
MUMQYXACQUZOFP-UHFFFAOYSA-N,CCOP(=S)(OCC)SC(CCl)N1C(=O)c2ccccc2C1=O
RLPGDEORIPLBNF-UHFFFAOYSA-N,CC(C)C(C)C(C)C
JSZOAYXJRCEYSX-UHFFFAOYSA-N,CCC[N+](=O)[O-]
QPFMBZIOSGYJDE-UHFFFAOYSA-N,ClC(Cl)C(Cl)Cl
QGBSISYHAICWAH-UHFFFAOYSA-N,N#CN=C(N)N
HUTDUHSNJYTCAR-UHFFFAOYSA-N,COc1ccc(C(O)(c2cncnc2)C2CC2)cc1
LGYNIFWIKSEESD-UHFFFAOYSA-N,CCCCC(C=O)CC
OWYWGLHRNBIFJP-UHFFFAOYSA-N,CCN(CC)c1nc(Cl)nc(NC(C)C)n1
HAPOJKSPCGLOOD-UHFFFAOYSA-N,c1ccc2c(c1)Cc1cc3ccccc3cc1-2
IHPDTPWNFBQHEB-UHFFFAOYSA-N,OC(c1ccccc1)C(O)c1ccccc1
AVMSWPWPYJVYKY-UHFFFAOYSA-N,CC(C)COC=O
NHTGQOXRZFUGJX-UHFFFAOYSA-N,Clc1c(Cl)c(Cl)c2nccnc2c1Cl
RDHHZPRHIKNBBI-UHFFFAOYSA-N,O=C1NC(=O)C2C=CC=CC12
URLKBWYHVLBVBO-UHFFFAOYSA-N,Cc1ccc(C)cc1
AHJKRLASYNVKDZ-UHFFFAOYSA-N,Clc1ccc(C(c2ccc(Cl)cc2)C(Cl)Cl)cc1
DQJCHOQLCLEDLL-UHFFFAOYSA-N,Cc1cccc2sc3nncn3c12
HYBBIBNJHNGZAN-UHFFFAOYSA-N,O=Cc1ccco1
CRQQGFGUEAVUIL-UHFFFAOYSA-N,N#Cc1c(Cl)c(Cl)c(Cl)c(C#N)c1Cl
QIMMUPPBPVKWKM-UHFFFAOYSA-N,Cc1ccc2ccccc2c1
HCFSGRMEEXUOSS-UHFFFAOYSA-N,CC(=O)C1(C)CCC2C3C=C(C)C4=CC(=O)CCC4(C)C3CCC21C
DUXCSEISVMREAX-UHFFFAOYSA-N,CC(C)(C)CCO
IHIDFKLAWYPTKB-UHFFFAOYSA-N,Clc1ccc(-c2c(Cl)cccc2Cl)cc1
RLIONZRKXHAVFB-UHFFFAOYSA-N,CC(=O)OC1(C)CCC2C3CCC4=CC(=O)CCC4(C)C3CCC21C
HCFAJYNVAYBARA-UHFFFAOYSA-N,CCCC(=O)CCC
QHPQWRBYOIRBIT-UHFFFAOYSA-N,CC(C)(C)c1ccc(O)cc1
HOLHYSJJBXSLMV-UHFFFAOYSA-N,Oc1c(Cl)cccc1Cl
BMTAFVWTTFSTOG-UHFFFAOYSA-N,CCSC(=O)N(CC(C)C)CC(C)C
QPJVMBTYPHYUOC-UHFFFAOYSA-N,COC(=O)c1ccccc1
OQZCSNDVOWYALR-UHFFFAOYSA-N,O=C1C(Cl)C(CCl)CN1c1cccc(C(F)(F)F)c1
ZPTVNYMJQHSSEA-UHFFFAOYSA-N,Cc1ccc([N+](=O)[O-])cc1
LFVLUOAHQIVABZ-UHFFFAOYSA-N,COP(=S)(OC)Oc1cc(Cl)c(I)cc1Cl
LQNUZADURLCDLV-UHFFFAOYSA-N,O=[N+]([O-])c1ccccc1
MUMGGOZAMZWBJJ-UHFFFAOYSA-N,CC12CCC(=O)C=C1CCC1C2CCC2(C)C(O)CCC12
TVQGDYNRXLTQAP-UHFFFAOYSA-N,CCCCCCC(=O)OCC
BBXXLROWFHWFQY-UHFFFAOYSA-N,CCCCc1c(C)nc(NCC)[nH]c1=O
AQCHWTWZEMGIFD-UHFFFAOYSA-N,Cc1ccccc1N1C(=O)c2cc(S(N)(=O)=O)c(Cl)cc2NC1C
NFACJZMKEDPNKN-UHFFFAOYSA-N,COP(=O)(OC)C(O)C(Cl)(Cl)Cl
IVUXTESCPZUGJC-UHFFFAOYSA-N,CN(C)C(=O)Nc1ccc(Oc2ccc(Cl)cc2)cc1
KJONHKAYOJNZEC-UHFFFAOYSA-N,O=C1CN=C(c2ccccc2)c2cc([N+](=O)[O-])ccc2N1
WWGUMAYGTYQSGA-UHFFFAOYSA-N,Cc1cc2ccccc2cc1C
DDBREPKUVSBGFI-UHFFFAOYSA-N,CCC1(c2ccccc2)C(=O)NC(=O)NC1=O
ZSLBEMKAJDJVND-UHFFFAOYSA-N,CCN1c2ccccc2N(C)C(=S)c2cccnc21
JHIVVAPYMSGYDF-UHFFFAOYSA-N,O=C1CCCCC1
NVJUHMXYKCUMQA-UHFFFAOYSA-N,CCCOCC
DOIRQSBPFJWKBE-UHFFFAOYSA-N,CCCCOC(=O)c1ccccc1C(=O)OCCCC
AEXMKKGTQYQZCS-UHFFFAOYSA-N,CCC(C)(C)CC
VYMDGNCVAMGZFE-UHFFFAOYSA-N,CCCCC1C(=O)N(c2ccccc2)N(c2ccccc2)C1=O
DMEGYFMYUHOHGS-UHFFFAOYSA-N,C1CCCCCC1
UREBDLICKHMUKA-UHFFFAOYSA-N,CC1CC2C3CCC4=CC(=O)C=CC4(C)C3(F)C(O)CC2(C)C1(O)C(=O)CO
HFPZCAJZSCWRBC-UHFFFAOYSA-N,Cc1ccc(C(C)C)cc1
OFCNXPDARWKPPY-UHFFFAOYSA-N,O=c1[nH]cnc2[nH]ncc12
GWQSENYKCGJTRI-UHFFFAOYSA-N,Clc1ccc(I)cc1
OCKPCBLVNKHBMX-UHFFFAOYSA-N,CCCCc1ccccc1
JLYXXMFPNIAWKQ-UHFFFAOYSA-N,ClC1C(Cl)C(Cl)C(Cl)C(Cl)C1Cl
XJCLWVXTCRQIDI-UHFFFAOYSA-N,C=C(Cl)CSC(=S)N(CC)CC
RJMUSRYZPJIFPJ-UHFFFAOYSA-N,O=C(Nc1ccc([N+](=O)[O-])cc1Cl)c1cc(Cl)ccc1O
KXUHSQYYJYAXGZ-UHFFFAOYSA-N,CC(C)Cc1ccccc1
ORNBQBCIOKFOEO-UHFFFAOYSA-N,CC(=O)C1CCC2C3CC=C4CC(O)CCC4(C)C3CCC12C
XJKSTNDFUHDPQJ-UHFFFAOYSA-N,c1ccc(-c2ccc(-c3ccccc3)cc2)cc1
MSXVEPNJUHWQHW-UHFFFAOYSA-N,CCC(C)(C)O
WQAQPCDUOCURKW-UHFFFAOYSA-N,CCCCS
UORJNBVJVRLXMQ-UHFFFAOYSA-N,C=CCC1(C(C)C)C(=O)NC(=O)NC1=O
NQDJXKOVJZTUJA-UHFFFAOYSA-N,Cc1ccnc2c1NC(=O)c1cccnc1N2C1CC1
UNXHWFMMPAWVPI-UHFFFAOYSA-N,OCC(O)C(O)CO
PWNAWOCHVWERAR-UHFFFAOYSA-N,CCN(Cc1c(F)cccc1Cl)c1c([N+](=O)[O-])cc(C(F)(F)F)cc1[N+](=O)[O-]
MCJGNVYPOGVAJF-UHFFFAOYSA-N,Oc1cccc2cccnc12
XUCIJNAGGSZNQT-UHFFFAOYSA-N,N#CC(OC1OC(COC2OC(CO)C(O)C(O)C2O)C(O)C(O)C1O)c1ccccc1
OKKJLVBELUTLKV-UHFFFAOYSA-N,CO
QHJMFSMPSZREIF-UHFFFAOYSA-N,Cc1cc(C)c2ccccc2c1
JXCGFZXSOMJFOA-UHFFFAOYSA-N,Cc1ccc(NC(=O)N(C)C)cc1Cl
HFBWPRKWDIRYNX-UHFFFAOYSA-N,CCNc1nc(Cl)nc(N(CC)CC)n1
POAOYUHQDCAZBD-UHFFFAOYSA-N,CCCCOCCO
XSQUKJJJFZCRTK-UHFFFAOYSA-N,NC(N)=O
OPTASPLRGRRNAP-UHFFFAOYSA-N,Nc1cc[nH]c(=O)n1
CZPWVGJYEJSRLH-UHFFFAOYSA-N,c1cncnc1
ICMAFTSLXCXHRK-UHFFFAOYSA-N,CCCCC(=O)OCC
IVSZLXZYQVIEFR-UHFFFAOYSA-N,Cc1cccc(C)c1
XJHDMGJURBVLLE-UHFFFAOYSA-N,CC1=C2C3OC(=O)C(C)C3CCC2(C)C=CC1=O
AUHZEENZYGFFBQ-UHFFFAOYSA-N,Cc1cc(C)cc(C)c1
ZMXIYERNXPIYFR-UHFFFAOYSA-N,CCc1cccc2ccccc12
ULYZAYCEDJDHCC-UHFFFAOYSA-N,CC(C)Cl
WDECIBYCCFPHNR-UHFFFAOYSA-N,c1ccc2c(c1)ccc1c3ccccc3ccc21
WPTCSQBWLUUYDV-UHFFFAOYSA-N,c1ccc2nc(-c3ccc4ccccc4n3)ccc2c1
QUGUFLJIAFISSW-UHFFFAOYSA-N,Fc1ccc(F)cc1
TZMHVHLTPWKZCI-UHFFFAOYSA-N,Clc1ccc(-c2c(Cl)cc(Cl)c(Cl)c2Cl)c(Cl)c1Cl
CWRYPZZKDGJXCA-UHFFFAOYSA-N,c1cc2c3c(cccc3c1)CC2
JVSWJIKNEAIKJW-UHFFFAOYSA-N,CCCCCC(C)C
NNPPMTNAJDCUHE-UHFFFAOYSA-N,CC(C)C
IJDNQMDRQITEOD-UHFFFAOYSA-N,CCCC
HJUFTIJOISQSKQ-UHFFFAOYSA-N,CCOC(=O)NCCOc1ccc(Oc2ccccc2)cc1
MPPPKRYCTPRNTB-UHFFFAOYSA-N,CCCCBr
FBPFZTCFMRRESA-UHFFFAOYSA-N,OCC(O)C(O)C(O)C(O)CO
YXOLAZRVSSWPPT-UHFFFAOYSA-N,O=c1c(O)c(-c2ccc(O)cc2O)oc2cc(O)cc(O)c12
NGFMICBWJRZIBI-UHFFFAOYSA-N,OCc1ccccc1OC1OC(CO)C(O)C(O)C1O
BUYMVQAILCEWRR-UHFFFAOYSA-N,COP(=O)(OC)OC(Br)C(Cl)(Cl)Br
MXXWOMGUGJBKIW-UHFFFAOYSA-N,O=C(C=CC=Cc1ccc2c(c1)OCO2)N1CCCCC1
MVPPADPHJFYWMZ-UHFFFAOYSA-N,Clc1ccccc1
RWXKUYSKUSXRGL-UHFFFAOYSA-N,CCN(CC)C(=O)C(Cl)=CCOP(=O)(OC)OC
DFBKLUNHFCTMDC-UHFFFAOYSA-N,ClC1=C(Cl)C2(Cl)C3C4CC(C5OC45)C3C1(Cl)C2(Cl)Cl
DIWRORZWFLOCLC-UHFFFAOYSA-N,O=C1Nc2ccc(Cl)cc2C(c2ccccc2Cl)=NC1O
SATCULPHIDQDRE-UHFFFAOYSA-N,O=Cc1ccc2c(c1)OCO2
BCQZXOMGPXTTIC-UHFFFAOYSA-N,FC(F)(F)C(Cl)Br
AQIXEPGDORPWBJ-UHFFFAOYSA-N,CCC(O)CC
GGMPTLAAIUQMIE-UHFFFAOYSA-N,Clc1c(Cl)c(Cl)c(-c2ccccc2)c(Cl)c1Cl
DRAVOWXCEBXPTN-UHFFFAOYSA-N,Nc1[nH]c(=O)nc2nc[nH]c12
QWTDNUCVQCZILF-UHFFFAOYSA-N,CCC(C)C
SLGBZMMZGDRARJ-UHFFFAOYSA-N,c1ccc2c(c1)c1ccccc1c1ccccc21
UAEPNZWRGJTJPN-UHFFFAOYSA-N,CC1CCCCC1
BGHCVCJVXZWKCC-UHFFFAOYSA-N,CCCCCCCCCCCCCC
SVFKQHLOBRUZGV-UHFFFAOYSA-N,CCN1c2ncccc2C(=O)N(C)c2cccnc21
KIEDNEWSYUYDSN-UHFFFAOYSA-N,CC1(C)CON(Cc2ccccc2Cl)C1=O
MCSAJNNLRCFZED-UHFFFAOYSA-N,CC[N+](=O)[O-]
DFPAKSUCGFBDDF-UHFFFAOYSA-N,NC(=O)c1cccnc1
PRLMFHYBTOQSLN-UHFFFAOYSA-N,CSc1nc(N(C)C)nc(N(C)C)n1
XJCVRTZCHMZPBD-UHFFFAOYSA-N,Nc1cccc([N+](=O)[O-])c1
JPOPEORRMSDUIP-UHFFFAOYSA-N,Clc1cc(Cl)c(Cl)c(-c2c(Cl)c(Cl)cc(Cl)c2Cl)c1Cl
NZZFYRREKKOMAT-UHFFFAOYSA-N,ICI
IWDDXZKCDHOOSF-UHFFFAOYSA-N,O=C1NC(=O)C(O)(C2(O)C(=O)NC(=O)NC2=O)C(=O)N1
YIWUKEYIRIRTPP-UHFFFAOYSA-N,CCCCC(CC)CO
NLYNUTMZTCLNOO-UHFFFAOYSA-N,CON(C)C(=O)Nc1ccc(Br)c(Cl)c1
WOIGZSBYKGQJGL-UHFFFAOYSA-N,C=CCC1(c2ccccc2)C(=O)NC(=O)NC1=O
VXIVSQZSERGHQP-UHFFFAOYSA-N,NC(=O)CCl
IYYZUPMFVPLQIF-UHFFFAOYSA-N,c1ccc2c(c1)sc1ccccc12
YQWCIPIEEBVRNY-UHFFFAOYSA-N,OC1C=CC2C1C1(Cl)C(Cl)=C(Cl)C2(Cl)C1(Cl)Cl
NEKOXWSIMFDGMA-UHFFFAOYSA-N,CCCN(CCC)c1c([N+](=O)[O-])cc(C(C)C)cc1[N+](=O)[O-]
UCCUXODGPMAHRL-UHFFFAOYSA-N,Brc1ccc(I)cc1
DNXHEGUUPJUMQT-UHFFFAOYSA-N,CC12CCC3c4ccc(O)cc4CCC3C1CCC2=O
RLFWWDJHLFCNIJ-UHFFFAOYSA-N,Cc1c(N)c(=O)n(-c2ccccc2)n1C
RTZZCYNQPHTPPL-UHFFFAOYSA-N,O=[N+]([O-])c1cccc(O)c1
YUWFEBAXEOLKSG-UHFFFAOYSA-N,Cc1c(C)c(C)c(C)c(C)c1C
MNDIARAMWBIKFW-UHFFFAOYSA-N,CCCCCCBr
IBXNCJKFFQIKKY-UHFFFAOYSA-N,C#CCCC
AJDIZQLSFPQPEY-UHFFFAOYSA-N,FC(F)(Cl)C(F)(Cl)Cl
ULSLJYXHZDTLQK-UHFFFAOYSA-N,O=c1oc2ccccc2c(O)c1C1CCCc2ccccc21
HWGBHCRJGXAGEU-UHFFFAOYSA-N,Cc1cc(=O)[nH]c(=S)[nH]1
SYGHQFHDDIIPNX-UHFFFAOYSA-N,O=C1c2ccccc2Cc2ccccc2N1CCF
ZISSAWUMDACLOM-UHFFFAOYSA-N,CC(C)C(C)(C)C
GWUSZQUVEVMBPI-UHFFFAOYSA-N,CN1C(=O)CN=C(c2ccccc2)c2cc([N+](=O)[O-])ccc21
KQPKPCNLIDLUMF-UHFFFAOYSA-N,C=CCC1(C(C)CCC)C(=O)NC(=O)NC1=O
QAHFOPIILNICLA-UHFFFAOYSA-N,CN(C)C(=O)C(c1ccccc1)c1ccccc1
KDKYADYSIPSCCQ-UHFFFAOYSA-N,C#CCC
IMIDOCRTMDIQIJ-UHFFFAOYSA-N,CNC(=O)Oc1ccc(N(C)C)c(C)c1
VEDTXTNSFWUXGQ-UHFFFAOYSA-N,CCOP(=S)(OCC)SCSc1ccc(Cl)cc1
SRBFZHDQGSBBOR-UHFFFAOYSA-N,OC1COC(O)C(O)C1O
QSNSCYSYFYORTR-UHFFFAOYSA-N,Nc1ccc(Cl)cc1
QQODLKZGRKWIFG-UHFFFAOYSA-N,CC1(C)C(C=C(Cl)Cl)C1C(=O)OC(C#N)c1ccc(F)c(Oc2ccccc2)c1
ZWPVHELAQPIZHO-UHFFFAOYSA-N,Clc1ccc(-c2cc(Cl)ccc2Cl)c(Cl)c1
NBFQYHKHPBMJJV-UHFFFAOYSA-N,CCCOC(=O)c1ccc(N)cc1
WBJINCZRORDGAQ-UHFFFAOYSA-N,CCOC=O
NRXQIUSYPAHGNM-UHFFFAOYSA-N,N#Cc1cc(I)c(O)c(I)c1
LMHCYRULPLGEEZ-UHFFFAOYSA-N,CCCCCCCI
WYKYKTKDBLFHCY-UHFFFAOYSA-N,Nc1cnn(-c2ccccc2)c(=O)c1Cl
KBPLFHHGFOOTCA-UHFFFAOYSA-N,CCCCCCCCO
UMPSXRYVXUPCOS-UHFFFAOYSA-N,Oc1cccc(Cl)c1Cl
RZILCCPWPBTYDO-UHFFFAOYSA-N,CN(C)C(=O)Nc1cccc(C(F)(F)F)c1
OSSQSXOTMIGBCF-UHFFFAOYSA-N,C#CCCCCCCC
JJYPMNFTHPTTDI-UHFFFAOYSA-N,Cc1cccc(N)c1
WEVYAHXRMPXWCK-UHFFFAOYSA-N,CC#N
CEOCDNVZRAIOQZ-UHFFFAOYSA-N,Clc1cc(Cl)c(Cl)c(Cl)c1Cl
FTOAOBMCPZCFFF-UHFFFAOYSA-N,CCC1(CC)C(=O)NC(=O)NC1=O
OISVCGZHLKNMSJ-UHFFFAOYSA-N,Cc1cccc(C)n1
NUKZAGXMHTUAFE-UHFFFAOYSA-N,CCCCCC(=O)OC
NVKAWKQGWWIWPM-UHFFFAOYSA-N,CC12CCC3C(CCC4CC(=O)CCC43C)C1CCC2O
OKIBNKKYNPBDRS-UHFFFAOYSA-N,CC(=O)Nc1cc(NS(=O)(=O)C(F)(F)F)c(C)cc1C
JOFWLTCLBGQGBO-UHFFFAOYSA-N,Cc1nnc2n1-c1ccc(Cl)cc1C(c1ccccc1Cl)=NC2
RFSUNEUAIZKAJO-UHFFFAOYSA-N,OCC1OC(O)(CO)C(O)C1O
HDZZVAMISRMYHH-UHFFFAOYSA-N,Nc1ncnc2c1ccn2C1OC(CO)C(O)C1O
RIZMRRKBZQXFOY-UHFFFAOYSA-N,CCOP(=S)(OCC)SCSP(=S)(OCC)OCC
GLZPCOQZEFWAFX-YFHOEESVSA-N,CC(C)=CCC/C(C)=C\CO
DTMRKGRREZAYAP-UHFFFAOYSA-N,Clc1cc(-c2cc(Cl)c(Cl)c(Cl)c2Cl)c(Cl)c(Cl)c1Cl
JXCGFZXSOMJFOA-UHFFFAOYSA-N,Cc1ccc(NC(=O)N(C)C)cc1Cl
ZMHWQAHZKUPENF-UHFFFAOYSA-N,Clc1ccc(-c2cccc(Cl)c2Cl)cc1
FDDDEECHVMSUSB-UHFFFAOYSA-N,Nc1ccc(S(N)(=O)=O)cc1
ZSDSQXJSNMTJDA-UHFFFAOYSA-N,CCCN(CCC)c1c([N+](=O)[O-])cc(C(F)(F)F)cc1[N+](=O)[O-]
KRIMXCDMVRMCTC-UHFFFAOYSA-N,CCCCC(C)(C)O
HEDRZPFGACZZDS-UHFFFAOYSA-N,ClC(Cl)Cl
GUBGYTABKSRVRQ-UHFFFAOYSA-N,OCC1OC(OC2C(CO)OC(O)C(O)C2O)C(O)C(O)C1O
PFNHSEQQEPMLNI-UHFFFAOYSA-N,CCCC(C)CO
CHNUNORXWHYHNE-UHFFFAOYSA-N,CC(C)Oc1cc(-n2nc(C(C)(C)C)oc2=O)c(Cl)cc1Cl
DCAYPVUWAIABOU-UHFFFAOYSA-N,CCCCCCCCCCCCCCCC
RIOXQFHNBCKOKP-UHFFFAOYSA-N,CCCCNC(=O)n1c(NC(=O)OC)nc2ccccc21
WJTCGQSWYFHTAC-UHFFFAOYSA-N,C1CCCCCCC1
VMKOFRJSULQZRM-UHFFFAOYSA-N,CCCCCCCCBr
XCJXQCUJXDUNDN-UHFFFAOYSA-N,ClC1=C(Cl)C2(Cl)C3CC=CC3C1(Cl)C2(Cl)Cl
XRHGWAGWAHHFLF-UHFFFAOYSA-N,CCOP(=S)(OCC)Oc1nc(Cl)n(C(C)C)n1
KWOLFJPFCHCOCG-UHFFFAOYSA-N,CC(=O)c1ccccc1
GETTZEONDQJALK-UHFFFAOYSA-N,FC(F)(F)c1ccccc1
LJSQFQKUNVCTIA-UHFFFAOYSA-N,CCSCC
RJTJVVYSTUQWNI-UHFFFAOYSA-N,CCc1ccc2ccccc2c1
MUMQYXACQUZOFP-UHFFFAOYSA-N,CCOP(=S)(OCC)SC(CCl)N1C(=O)c2ccccc2C1=O
QRUDEWIWKLJBPS-UHFFFAOYSA-N,c1ccc2[nH]nnc2c1
VAHKBZSAUKPEOV-UHFFFAOYSA-N,Clc1ccc(-c2cc(Cl)ccc2Cl)cc1
PJGSXYOJTGTZAV-UHFFFAOYSA-N,CC(=O)C(C)(C)C
PHTQWCKDNZKARW-UHFFFAOYSA-N,CC(C)CCO
JYVLIDXNZAXMDK-UHFFFAOYSA-N,CCCC(C)O
DDUIUBPJPOKOMV-UHFFFAOYSA-N,COCCCNc1nc(NC(C)C)nc(SC)n1
LXMSZDCAJNLERA-UHFFFAOYSA-N,CC(=O)SC1CC2=CC(=O)CCC2(C)C2CCC3(C)C(CCC34CCC(=O)O4)C12
HKPHPIREJKHECO-UHFFFAOYSA-N,CCCCOCN(C(=O)CCl)c1c(CC)cccc1CC
BIGRRCHSUAXSEE-UHFFFAOYSA-N,Cc1ncc2nccnc2n1
SDOJHDGZFOGOFD-UHFFFAOYSA-N,Cc1c(C)c2c3ccccc3ccc2c2ccccc12
UIHCLUNTQKBZGK-UHFFFAOYSA-N,CCC(C)C(C)=O
YNBADRVTZLEFNH-UHFFFAOYSA-N,COC(=O)c1cccnc1
DHWRNDJOGMTCPB-UHFFFAOYSA-N,CN(C)C(=O)Nc1ccc(-n2nc(C(C)(C)C)oc2=O)c(Cl)c1
IDOWTHOLJBTAFI-UHFFFAOYSA-N,COC(=O)Nc1cccc(OC(=O)Nc2cccc(C)c2)c1
KEWNKZNZRIAIAK-UHFFFAOYSA-N,Oc1c(Cl)c(Cl)cc(Cl)c1Cl
PNPCRKVUWYDDST-UHFFFAOYSA-N,Nc1cccc(Cl)c1
UNLYSVIDNRIVFJ-UHFFFAOYSA-N,CCCOP(=S)(OCCC)SCC(=O)N1CCCCC1C
IMONTRJLAWHYGT-UHFFFAOYSA-N,C#CC1(OC(C)=O)CCC2C3CCC4=CC(=O)CCC4C3CCC21C
XKLZIVIOZDNKEQ-UHFFFAOYSA-N,CSC[S+]([O-])CC(CO)NC(=O)C=Cc1c(C)[nH]c(=O)[nH]c1=O
NXQDBZGWYSEGFL-UHFFFAOYSA-N,COP(=S)(OC)SCC(=O)N(c1ccc(Cl)cc1)C(C)C
ICOAEPDGFWLUTI-UHFFFAOYSA-N,Clc1cc(Cl)c(-c2c(Cl)cc(Cl)cc2Cl)c(Cl)c1
IPWBFGUBXWMIPR-UHFFFAOYSA-N,Fc1ccccc1Br
WIIZWVCIJKGZOK-UHFFFAOYSA-N,O=C(NC(CO)C(O)c1ccc([N+](=O)[O-])cc1)C(Cl)Cl
WEXRUCMBJFQVBZ-UHFFFAOYSA-N,CCCC(C)C1(CC)C(=O)NC(=O)NC1=O
OFBQJSOFQDEBGM-UHFFFAOYSA-N,CCCCC
BZKPWHYZMXOIDC-UHFFFAOYSA-N,CC(=O)Nc1nnc(S(N)(=O)=O)s1
RULKYXXCCZZKDZ-UHFFFAOYSA-N,Oc1cc(Cl)c(Cl)c(Cl)c1Cl
BULVZWIRKLYCBC-UHFFFAOYSA-N,CCOP(=S)(OCC)SCSCC
KBEBGUQPQBELIU-UHFFFAOYSA-N,CCOC(=O)C=Cc1ccccc1
NMRPBPVERJPACX-UHFFFAOYSA-N,CCCCCC(O)CC
GOHBXWHNJHENRX-UHFFFAOYSA-N,Cc1cc2ccccc2c2ccc3ccccc3c12
LACXVZHAJMVESG-UHFFFAOYSA-N,Clc1ccc(-c2ccc(Cl)c(Cl)c2Cl)c(Cl)c1
YSEMEGXOKULCML-UHFFFAOYSA-N,CCN1c2ncccc2C(=O)N(C)c2ccc(Cl)nc21
UHIAOZUHJYDVBH-UHFFFAOYSA-N,O=C1C=C2CC3(O)COc4c(ccc(O)c4O)C3=C2CC1=O
QZYNWJQFTJXIRN-UHFFFAOYSA-N,Clc1cc(Cl)c(Cl)c(Cl)c1
PYGXAGIECVVIOZ-UHFFFAOYSA-N,CCCCOC(=O)CCCCCCCCC(=O)OCCCC
ZFMSMUAANRJZFM-UHFFFAOYSA-N,C=CCc1ccc(OC)cc1
GHASVSINZRGABV-UHFFFAOYSA-N,O=c1[nH]cc(F)c(=O)[nH]1
SHZIWNPUGXLXDT-UHFFFAOYSA-N,CCCCCC(=O)OCC
GFFGJBXGBJISGV-UHFFFAOYSA-N,Nc1ncnc2nc[nH]c12
HKOOXMFOFWEVGF-UHFFFAOYSA-N,NNc1ccccc1
ISAKRJDGNUQOIC-UHFFFAOYSA-N,O=c1cc[nH]c(=O)[nH]1
BAPJBEWLBFYGME-UHFFFAOYSA-N,C=CC(=O)OC
IIEWJVIFRVWJOD-UHFFFAOYSA-N,CCC1CCCCC1
LMJSLTNSBFUCMU-UHFFFAOYSA-N,NS(=O)(=O)c1cc2c(cc1Cl)NC(C(Cl)Cl)NS2(=O)=O
LEHOTFFKMJEONL-UHFFFAOYSA-N,O=c1[nH]c(=O)c2[nH]c(=O)[nH]c2[nH]1
ZEMGGZBWXRYJHK-UHFFFAOYSA-N,O=c1ccnc(S)[nH]1
DNJIEGIFACGWOD-UHFFFAOYSA-N,CCS
GGUOCFNAWIODMF-UHFFFAOYSA-N,CC(=O)Nc1ccc(Cl)cc1
FAOZLTXFLGPHNG-UHFFFAOYSA-N,CC(=O)C1(O)CCC2C3CC(C)C4=CC(=O)C=CC4(C)C3(F)C(O)CC21C
FZERHIULMFGESH-UHFFFAOYSA-N,CC(=O)Nc1ccccc1
YHQXBTXEYZIYOV-UHFFFAOYSA-N,C=CC(C)C
XKFPYPQQHFEXRZ-UHFFFAOYSA-N,Cc1cc(C(=O)NNCc2ccccc2)no1
QDFKKJYEIFBEFC-UHFFFAOYSA-N,Fc1cccc(Br)c1
LWLJUMBEZJHXHV-UHFFFAOYSA-N,ClC1=C(Cl)C(Cl)(C2(Cl)C(Cl)=C(Cl)C(Cl)=C2Cl)C(Cl)=C1Cl
NQRLPDFELNCFHW-UHFFFAOYSA-N,CC(=O)Nc1ccc([N+](=O)[O-])cc1
ATUOYWHBWRKTHZ-UHFFFAOYSA-N,CCC
CYNYIHKIEHGYOZ-UHFFFAOYSA-N,CCCBr
VAOCPAMSLUNLGC-UHFFFAOYSA-N,Cc1ncc([N+](=O)[O-])n1CCO
LHGVFZTZFXWLCP-UHFFFAOYSA-N,COc1ccccc1O
RUVINXPYWBROJD-UHFFFAOYSA-N,CC=Cc1ccc(OC)cc1
BCQMBFHBDZVHKU-UHFFFAOYSA-N,CCNc1nc(NC(C)(C)C)nc(OC)n1
HRYZWHHZPQKTII-UHFFFAOYSA-N,CCCl
RECUKUPTGUEGMW-UHFFFAOYSA-N,Cc1ccc(C(C)C)cc1O
WVQBLGZPHOPPFO-UHFFFAOYSA-N,CCc1cccc(C)c1N(C(=O)CCl)C(C)COC
DQZCVNGCTZLGAQ-UHFFFAOYSA-N,CN(C)C(=O)NC1CCCCCCC1
UMKXSOXZAXIOPJ-UHFFFAOYSA-N,Oc1ccc2c(c1)CCCC2
DDBREPKUVSBGFI-UHFFFAOYSA-N,CCC1(c2ccccc2)C(=O)NC(=O)NC1=O
TWSRVQVEYJNFKQ-UHFFFAOYSA-N,CCCCCOC(=O)CC
JXVIIQLNUPXOII-UHFFFAOYSA-N,CC1CCCCC1NC(=O)Nc1ccccc1
ZXVONLUNISGICL-UHFFFAOYSA-N,Cc1cc([N+](=O)[O-])cc([N+](=O)[O-])c1O
SDDBCEWUYXVGCQ-UHFFFAOYSA-N,Cc1cccc2c(C)cccc12
NTIZESTWPVYFNL-UHFFFAOYSA-N,CC(=O)CC(C)C
PYLWMHQQBFSUBP-UHFFFAOYSA-N,Fc1ccccc1
NSQYIEOSFPLTJA-UHFFFAOYSA-N,CC(C)C1(C(C)C)C(=O)NC(=O)NC1=O
IUWVALYLNVXWKX-UHFFFAOYSA-N,CCCCOC(=O)c1ccc(N)cc1
RRHGJUQNOFWUDK-UHFFFAOYSA-N,C=CC(=C)C
JMLWXCJXOYDXRN-UHFFFAOYSA-N,Clc1cccc(I)c1
CPGPAVAKSZHMBP-UHFFFAOYSA-N,Cc1c2ccccc2cc2ccccc12
MSLICLMCQYQNPK-UHFFFAOYSA-N,CC(=O)Nc1ccc(Br)cc1
SPSSULHKWOKEEL-UHFFFAOYSA-N,Cc1c([N+](=O)[O-])cc([N+](=O)[O-])cc1[N+](=O)[O-]
GBROPGWFBFCKAG-UHFFFAOYSA-N,c1ccc2c(c1)ccc1c2ccc2c3ccccc3ccc21
AAEVYOVXGOFMJO-UHFFFAOYSA-N,CSc1nc(NC(C)C)nc(NC(C)C)n1
HDWIHXWEUNVBIY-UHFFFAOYSA-N,NS(=O)(=O)c1cc2c(cc1C(F)(F)F)NC(Cc1ccccc1)NS2(=O)=O
UDDMNBYVRLYNKY-UHFFFAOYSA-N,CCN1c2ncccc2C(=O)Nc2c(C)cc(C)nc21
ONNCPBRWFSKDMQ-UHFFFAOYSA-N,Clc1cccc(-c2cc(Cl)ccc2Cl)c1
RZKSECIXORKHQS-UHFFFAOYSA-N,CCCCC(O)CC
PWATWSYOIIXYMA-UHFFFAOYSA-N,CCCCCc1ccccc1
IRCMYGHHKLLGHV-UHFFFAOYSA-N,CCOC1Oc2ccc(OS(C)(=O)=O)cc2C1(C)C
QARVLSVVCXYDNA-UHFFFAOYSA-N,Brc1ccccc1
BEZDDPMMPIDMGJ-UHFFFAOYSA-N,Cc1cc(C)c(C)c(C)c1C
WFRBDWRZVBPBDO-UHFFFAOYSA-N,CCCC(C)(C)O
QIBWCUCLHZVYNL-UHFFFAOYSA-N,CCN1c2ccccc2N(C)C(=O)c2cccnc21
MGSRCZKZVOBKFT-UHFFFAOYSA-N,Cc1ccc(C(C)C)c(O)c1
HUAZGNHGCJGYNP-UHFFFAOYSA-N,CCCOC(=O)CCC
NHPPIJMARIVBGU-UHFFFAOYSA-N,Ic1cccc2ccccc12
CBFCDTFDPHXCNY-UHFFFAOYSA-N,CCCCCCCCCCCCCCCCCCCC
HSQFVBWFPBKHEB-UHFFFAOYSA-N,Oc1ccc(Cl)c(Cl)c1Cl
KCXMKQUNVWSEMD-UHFFFAOYSA-N,ClCc1ccccc1
JTUSORDQZVOEAZ-UHFFFAOYSA-N,Clc1cc(Cl)c(-c2cccc(Cl)c2Cl)cc1Cl
FDPIMTJIUBPUKL-UHFFFAOYSA-N,CCC(=O)CC
NFGXHKASABOEEW-UHFFFAOYSA-N,COC(C)(C)CCCC(C)CC=CC(C)=CC(=O)OC(C)C
UATJOMSPNYCXIX-UHFFFAOYSA-N,O=[N+]([O-])c1cc([N+](=O)[O-])cc([N+](=O)[O-])c1
MWKFXSUHUHTGQN-UHFFFAOYSA-N,CCCCCCCCCCO
ZFHGXWPMULPQSE-UHFFFAOYSA-N,Cc1c(F)c(F)c(COC(=O)C2C(C=C(Cl)C(F)(F)F)C2(C)C)c(F)c1F
IMNFDUFMRHMDMM-UHFFFAOYSA-N,CCCCCCC
XKEFYDZQGKAQCN-UHFFFAOYSA-N,Clc1cc(Cl)cc(Cl)c1
IUJDSEJGGMCXSG-UHFFFAOYSA-N,CCCC(C)C1(CC)C(=O)NC(=S)NC1=O
HSMPDPBYAYSOBC-UHFFFAOYSA-N,COc1c2occc2c(OC)c2c(=O)cc(C)oc12
JBMKAUGHUNFTOL-UHFFFAOYSA-N,NS(=O)(=O)c1cc2c(cc1Cl)N=CNS2(=O)=O
VNKYTQGIUYNRMY-UHFFFAOYSA-N,CCCOC
RZVHIXYEVGDQDX-UHFFFAOYSA-N,O=C1c2ccccc2C(=O)c2ccccc21
VNWKTOKETHGBQD-UHFFFAOYSA-N,C
FLVIGYVXZHLUHP-UHFFFAOYSA-N,CCNC(=S)NCC
QWUWMCYKGHVNAV-UHFFFAOYSA-N,c1ccc(CCc2ccccc2)cc1
HNJBEVLQSNELDL-UHFFFAOYSA-N,O=C1CCCN1
HWWYDZCSSYKIAD-UHFFFAOYSA-N,Cc1cncc(C)c1
DEKWZWCFHUABHE-UHFFFAOYSA-N,CC(=O)CC(c1ccc(Cl)cc1)c1c(O)c2ccccc2oc1=O
DBPWSSGDRRHUNT-UHFFFAOYSA-N,CC(=O)C1(O)CCC2C3CCC4=CC(=O)CCC4(C)C3CCC21C
IOUNQDKNJZEDEP-UHFFFAOYSA-N,CCOP(=S)(OCC)SCn1c(=O)oc2cc(Cl)ccc21
WKEDVNSFRWHDNR-UHFFFAOYSA-N,O=C(Nc1ccccc1)c1ccccc1O
HHLXJTDUHFBYAU-UHFFFAOYSA-N,CCC1(C(C)C)C(=O)NC(=O)NC1=O
KYWJZCSJMOILIZ-UHFFFAOYSA-N,CCCC(C)(O)CC
YBQZXXMEJHZYMB-UHFFFAOYSA-N,c1ccc(NNc2ccccc2)cc1
BIWJNBZANLAXMG-UHFFFAOYSA-N,ClC1=C(Cl)C2(Cl)C3C(Cl)C(Cl)CC3C1(Cl)C2(Cl)Cl
CDAISMWEOUEBRE-UHFFFAOYSA-N,OC1C(O)C(O)C(O)C(O)C1O
GDOPTJXRTPNYNR-UHFFFAOYSA-N,CC1CCCC1
GYESAYHWISMZOK-UHFFFAOYSA-N,Oc1cccc2ncccc12
NMJJFJNHVMGPGM-UHFFFAOYSA-N,CCCCOC=O
VGVRPFIJEJYOFN-UHFFFAOYSA-N,Oc1c(Cl)cc(Cl)c(Cl)c1Cl
FBQTWGHLMQUOQL-UHFFFAOYSA-N,CCC(=O)OCN1C(=O)NC(c2ccccc2)(c2ccccc2)C1=O
FMWLUWPQPKEARP-UHFFFAOYSA-N,ClC(Cl)Br
FDGQSTZJBFJUBT-UHFFFAOYSA-N,O=c1[nH]cnc2nc[nH]c12
GVEPBJHOBDJJJI-UHFFFAOYSA-N,c1ccc2c(c1)-c1cccc3cccc-2c13
FYZBOYWSHKHDMT-UHFFFAOYSA-N,CCOC(=O)CCN(SN(C)C(=O)Oc1cccc2c1OC(C)(C)C2)C(C)C
PXWUKZGIHQRDHL-UHFFFAOYSA-N,CCNc1nc(NC(C)C)nc(OC)n1
QNVRIHYSUZMSGM-UHFFFAOYSA-N,CCCCC(C)O
WXZVAROIGSFCFJ-UHFFFAOYSA-N,CCN(CC)C(=O)C(C)Oc1cccc2ccccc12
