key,input,solubility
HLVFKOKELQSXIQ-UHFFFAOYSA-N,CC(C)CBr,-1.6679999828338623
HNRMPXKDFBEGFZ-UHFFFAOYSA-N,CCC(C)(C)C,-2.752000093460083
SPANOECCGNXGNR-UHFFFAOYSA-N,CC(C)N(C(=O)SCC(Cl)=CCl)C(C)C,-3.4739999771118164
LAOZSCRCYVBSJA-UHFFFAOYSA-N,CC1(C)C(=O)NC(=O)NC1=O,-0.703000009059906
YNQLUTRBYVCPMQ-UHFFFAOYSA-N,CCc1ccccc1,-2.3259999752044678
UOAMTSKGCBMZTC-UHFFFAOYSA-N,OC(c1ccc(Cl)cc1)(c1ccc(Cl)cc1)C(Cl)(Cl)Cl,-4.9629998207092285
ODLMAHJVESYWTB-UHFFFAOYSA-N,CCCc1ccccc1,-2.9189999103546143
DURPTKYDGMDSBL-UHFFFAOYSA-N,CCCCOCCCC,-1.8700000047683716
JHEFOJNPLXSWNZ-UHFFFAOYSA-N,CC(=O)Nc1ccc(F)cc1,-2.0409998893737793
XEFQLINVKFYRCS-UHFFFAOYSA-N,Oc1cc(Cl)ccc1Oc1ccc(Cl)cc1Cl,-5.5289998054504395
KOCYTWBTXZOUFS-UHFFFAOYSA-N,Cc1cnc2cncnc2n1,-0.9739999771118164
DZBUGLKDJFMEHC-UHFFFAOYSA-N,c1ccc2nc3ccccc3cc2c1,-3.697000026702881
YRHYCMZPEVDGFQ-UHFFFAOYSA-N,CCCCCCCCCC(=O)OC,-3.3289999961853027
FZSVSABTBYGOQH-UHFFFAOYSA-N,CNC(=O)ON=C(CSC)C(C)(C)C,-1.9220000505447388
RLSSMJSEOOYNOY-UHFFFAOYSA-N,Cc1cccc(O)c1,-0.7770000100135803
KIVUHCNVDWYUNP-UHFFFAOYSA-N,Nc1cc2c3ccccc3ccc2c2ccccc12,-5.070000171661377
FRCCEHPWNOQAEU-UHFFFAOYSA-N,ClC1=C(Cl)C2(Cl)C3C(Cl)C=CC3C1(Cl)C2(Cl)Cl,-6.568999767303467
NMWSKOLWZZWHPL-UHFFFAOYSA-N,Clc1cccc(-c2ccccc2)c1,-4.335999965667725
ZGHQUYZPMWMLBM-UHFFFAOYSA-N,Clc1ccc(-c2ccccc2)cc1Cl,-5.189000129699707
XGMPVBXKDAHORN-UHFFFAOYSA-N,CC(=O)OCC(=O)C1(O)C(OC(C)=O)CC2C3CCC4=CC(=O)C=CC4(C)C3(F)C(O)CC21C,-4.290999889373779
QCMQDLGMYAJPLB-UHFFFAOYSA-N,COC1=CC2OC3C=CC(=O)CC3C(=O)C2C(=O)C1,-1.9520000219345093
HFZWRUODUSTPEG-UHFFFAOYSA-N,Oc1ccc(Cl)cc1Cl,-2.0450000762939453
JTGMTYWYUZDRBK-UHFFFAOYSA-N,Cc1c2ccccc2c(C)c2ccccc12,-5.599999904632568
PQVZDTWRGIHYCU-UHFFFAOYSA-N,O=C1NC(=O)C2(CC2)C(=O)N1,-0.7749999761581421
KXKVLQRXCPHEJC-UHFFFAOYSA-N,COC(C)=O,1.1859999895095825
GVYLCNUFSHDAAW-UHFFFAOYSA-N,ClC1(Cl)C2(Cl)C3(Cl)C4(Cl)C(Cl)(Cl)C5(Cl)C3(Cl)C1(Cl)C5(Cl)C24Cl,-7.9710001945495605
XYWDPYKBIRQXQS-UHFFFAOYSA-N,CC(C)SC(C)C,-2.055999994277954
SGEJQUSYQTVSIU-UHFFFAOYSA-N,CCCCN(CC)C(=O)SCCC,-2.313999891281128
KJCVRFUGPWSIIH-UHFFFAOYSA-N,Oc1cccc2ccccc12,-1.9019999504089355
GZUXJHMPEANEGY-UHFFFAOYSA-N,CBr,0.8230000138282776
ZRSNZINYAWTAHE-UHFFFAOYSA-N,COc1ccc(C=O)cc1,-1.3609999418258667
RRNIZKPFKNDSRS-UHFFFAOYSA-N,CC(C)OP(=S)(OC(C)C)SCCNS(=O)(=O)c1ccccc1,-3.0329999923706055
SCYULBFZEHDVBN-UHFFFAOYSA-N,CC(Cl)Cl,-0.6539999842643738
PDMMFKSKQVNJMI-UHFFFAOYSA-N,CCC(=O)OC1CCC2C3CCC4=CC(=O)CCC4(C)C3CCC12C,-6.041999816894531
QYZLKGVUSQXAMU-UHFFFAOYSA-N,C=CCC=C,-1.9730000495910645
GCNTZFIIOFTKIY-UHFFFAOYSA-N,O=c1cc[nH]cc1,-0.32600000500679016
YLQBMQCUIZJEEH-UHFFFAOYSA-N,c1ccoc1,0.8149999976158142
FULZLIGZKMKICU-UHFFFAOYSA-N,NC(=S)Nc1ccccc1,-1.850000023841858
XLOMZPUITCYLMJ-UHFFFAOYSA-N,C=CCC1(C(C)CCC)C(=O)NC(=S)NC1=O,-3.244999885559082
YXVFYQXJAXKLAK-UHFFFAOYSA-N,Oc1ccc(-c2ccccc2)cc1,-2.4800000190734863
MTZBBNMLMNBNJL-UHFFFAOYSA-N,Cc1cccc(C)c1NC(=O)c1cc(S(N)(=O)=O)c(Cl)cc1O,-3.4739999771118164
HGCIXCUEYOPUTN-UHFFFAOYSA-N,C1=CCCCC1,-2.2860000133514404
BAYAKMPRFGNNFW-UHFFFAOYSA-N,CC(C)C(O)C(C)C,-0.7850000262260437
NBBJYMSMWIIQGU-UHFFFAOYSA-N,CCC=O,1.4110000133514404
QBSJMKIUCUGGNG-UHFFFAOYSA-N,CNC(=O)Oc1ccccc1C(C)C,-2.4549999237060547
LTEQMZWBSYACLV-UHFFFAOYSA-N,CCCCCCc1ccccc1,-4.559999942779541
BJVVMKUXKQHWJK-UHFFFAOYSA-N,C=CCC1(C(C)CC)C(=O)NC(=O)NC1=O,-2.1489999294281006
NIQCNGHVCWTJSM-UHFFFAOYSA-N,COC(=O)c1ccccc1C(=O)OC,-1.8580000400543213
RWGFKTVRMDUZSP-UHFFFAOYSA-N,CC(C)c1ccccc1,-2.806999921798706
DHTZKRIZYPAKLO-UHFFFAOYSA-N,O=C(CC(Cl)Cl)NC1=C(Cl)C(=O)c2ccccc2C1=O,-5.244999885559082
VAOCPAMSLUNLGC-UHFFFAOYSA-N,Cc1ncc([N+](=O)[O-])n1CCO,-1.055999994277954
DFBKLUNHFCTMDC-UHFFFAOYSA-N,ClC1=C(Cl)C2(Cl)C3C4CC(C5OC45)C3C1(Cl)C2(Cl)Cl,-6.123000144958496
HJOVHMDZYOCNQW-UHFFFAOYSA-N,CC1=CC(=O)CC(C)(C)C1,-1.2400000095367432
RRAFCDWBNXTKKO-UHFFFAOYSA-N,C=CCc1ccc(O)c(OC)c1,-2.2669999599456787
IZUKQUVSCNEFMJ-UHFFFAOYSA-N,O=[N+]([O-])c1ccccc1[N+](=O)[O-],-2.4700000286102295
ANIAQSUBRGXWLS-UHFFFAOYSA-N,CCOP(=S)(CC)Oc1cc(Cl)c(Cl)cc1Cl,-6.455999851226807
PTBKFATYSVLSSD-UHFFFAOYSA-N,O=[N+]([O-])c1ccc(C=NO)o1,-1.7580000162124634
ZSFUDSWIVAQKEN-UHFFFAOYSA-N,CCN1c2cc(Cl)ccc2NC(=O)c2cccnc21,-4.488999843597412
ZSIAUFGUXNUGDI-UHFFFAOYSA-N,CCCCCCO,-0.335999995470047
RWCCWEUUXYIKHB-UHFFFAOYSA-N,O=C(c1ccccc1)c1ccccc1,-3.069000005722046
FWAJPSIPOULHHH-UHFFFAOYSA-N,Brc1ccc(Br)c(Br)c1,-4.054999828338623
OGYFATSSENRIKG-UHFFFAOYSA-N,O=C(Nc1ccccc1)N(Cc1ccc(Cl)cc1)C1CCCC1,-5.923999786376953
MLRVZFYXUZQSRU-UHFFFAOYSA-N,CCCCCCCl,-3.0510001182556152
TYMLOMAKGOJONV-UHFFFAOYSA-N,Nc1ccc([N+](=O)[O-])cc1,-1.9229999780654907
REIUXOLGHVXAEO-UHFFFAOYSA-N,CCCCCCCCCCCCCCCO,-4.890999794006348
YGYNBBAUIYTWBF-UHFFFAOYSA-N,Cc1ccc2cc(C)ccc2c1,-3.9070000648498535
JUJWROOIHBZHMG-UHFFFAOYSA-N,c1ccncc1,0.578000009059906
BTJIUGUIPKRLHP-UHFFFAOYSA-N,O=[N+]([O-])c1ccc(O)cc1,-1.8279999494552612
ZUOUZKKEUPVFJK-UHFFFAOYSA-N,c1ccc(-c2ccccc2)cc1,-3.5409998893737793
XRECTZIEBJDKEO-UHFFFAOYSA-N,Nc1nc(=O)[nH]cc1F,-1.569000005722046
BYYMILHAKOURNM-UHFFFAOYSA-N,C#CC(C)N(C)C(=O)Nc1ccc(Cl)cc1,-3.440999984741211
BNIXVQGCZULYKV-UHFFFAOYSA-N,ClC(Cl)C(Cl)(Cl)Cl,-2.3519999980926514
DNTHHIVFNQZZRD-UHFFFAOYSA-N,O=C1NC(=O)C2C3C(C(O)(c4ccccc4)c4ccccn4)=CC(C3=C(c3ccccc3)c3ccccn3)C12,-6.7870001792907715
KXDAEFPNCMNJSK-UHFFFAOYSA-N,NC(=O)c1ccccc1,-0.9350000023841858
AWIJPALBOQNRBS-UHFFFAOYSA-N,COc1cnc2ncncc2n1,-1.1649999618530273
DMLAVOWQYNRWNQ-UHFFFAOYSA-N,c1ccc(N=Nc2ccccc2)cc1,-3.513000011444092
RQZAXGRLVPAYTJ-UHFFFAOYSA-N,CC(=O)OC1(C(C)=O)CCC2C3C=C(C)C4=CC(=O)CCC4(C)C3CCC21C,-5.89300012588501
VLKZOEOYAKHREP-UHFFFAOYSA-N,CCCCCC,-2.9509999752044678
VDVCBHJNKZNXKT-UHFFFAOYSA-N,CCC1(CC=C(C)C)C(=O)NC(=O)NC1=O,-2.0399999618530273
VPUGDVKSAQVFFS-UHFFFAOYSA-N,c1cc2ccc3ccc4ccc5ccc6ccc1c1c2c3c4c5c61,-8.720999717712402
RVWLHPJFOKUPNM-UHFFFAOYSA-N,Clc1cccc(-c2c(Cl)c(Cl)cc(Cl)c2Cl)c1Cl,-8.666000366210938
RWQNBRDOKXIBIV-UHFFFAOYSA-N,Cc1c[nH]c(=O)[nH]c1=O,-1.0729999542236328
JGHZJRVDZXSNKQ-UHFFFAOYSA-N,CCCCCCCC(=O)OC,-2.2060000896453857
RFFLAFLAYFXFSW-UHFFFAOYSA-N,Clc1ccccc1Cl,-2.818000078201294
TZYRSLHNPKPEFV-UHFFFAOYSA-N,CCC(CC)CO,-0.32199999690055847
AUNGANRZJHBGPY-UHFFFAOYSA-N,Cc1cc2nc3c(=O)[nH]c(=O)nc-3n(CC(O)C(O)C(O)CO)c2cc1C,-2.059999942779541
MUPFEKGTMRGPLJ-UHFFFAOYSA-N,OCC1OC(OCC2OC(OC3(CO)OC(CO)C(O)C3O)C(O)C(O)C2O)C(O)C(O)C1O,-0.2980000078678131
YWBVHLJPRPCRSD-UHFFFAOYSA-N,Cn1cc(-c2ccccc2)c(=O)c(-c2cccc(C(F)(F)F)c2)c1,-5.599999904632568
SBPBAQFWLVIOKP-UHFFFAOYSA-N,CCOP(=S)(OCC)Oc1nc(Cl)c(Cl)cc1Cl,-6.189000129699707
XBCXJKGHPABGSD-UHFFFAOYSA-N,Cn1ccc(=O)[nH]c1=O,-0.7129999995231628
IDZYLIZKJFAXAS-UHFFFAOYSA-N,CCCCCCCC(=O)OCN1C(=O)NC(c2ccccc2)(c2ccccc2)C1=O,-5.758999824523926
KUFFULVDNCHOFZ-UHFFFAOYSA-N,Cc1ccc(O)c(C)c1,-1.3240000009536743
HYFLWBNQFMXCPA-UHFFFAOYSA-N,CCc1ccccc1C,-2.9040000438690186
DSNHSQKRULAAEI-UHFFFAOYSA-N,CCc1ccc(CC)cc1,-3.4140000343322754
LZDKZFUFMNSQCJ-UHFFFAOYSA-N,CCOCCOCC,0.4099999964237213
PXAGFNRKXSYIHU-UHFFFAOYSA-N,Clc1cccc(Cl)c1-c1c(Cl)cccc1Cl,-7.001999855041504
RYYVLZVUVIJVGH-UHFFFAOYSA-N,Cn1c(=O)c2c(ncn2C)n(C)c1=O,-1.1319999694824219
AGMMTXLNIQSRCG-UHFFFAOYSA-N,CCC1NC(=O)c2cc(S(N)(=O)=O)c(Cl)cc2N1,-2.36299991607666
WIDMDEHGDAFXAJ-UHFFFAOYSA-N,CC(=O)N(c1onc(C)c1C)[S+]([O-])c1ccc(N)cc1,-1.6699999570846558
CPMZWWWXIWHTMU-UHFFFAOYSA-N,CC1COC2CC3(C)C(CC4C5C=C6CC(O)CCC6(C)CC5CCC43C)OC2C1,-5.675000190734863
SQNZJJAZBFDUTD-UHFFFAOYSA-N,Cc1cc(C)c(C)cc1C,-3.5339999198913574
ZCDHRBAYNFWZBH-UHFFFAOYSA-N,CC(C)=CCC1(C(C)C)C(=O)NC(=O)NC1=O,-2.3420000076293945
ZQEIXNIJLIKNTD-UHFFFAOYSA-N,COCC(=O)N(c1c(C)cccc1C)C(C)C(=O)OC,-2.5769999027252197
NOOLISFMXDJSKH-UHFFFAOYSA-N,CC1CCC(C(C)C)C(O)C1,-1.8609999418258667
XRMVWAKMXZNZIL-UHFFFAOYSA-N,CCC(C)(C)CO,-0.20999999344348907
RJUFJBKOKNCXHH-UHFFFAOYSA-N,CCC(=O)OC,0.621999979019165
ISMYLNZMKJLINI-UHFFFAOYSA-N,CCN1C(=O)c2cccnc2N(CC)c2ncccc21,-2.9089999198913574
PQNFLJBBNBOBRQ-UHFFFAOYSA-N,c1ccc2c(c1)CCC2,-2.8559999465942383
HAXBIWFMXWRORI-UHFFFAOYSA-N,c1ccc2cc3c(cc2c1)-c1cccc2cccc-3c12,-7.406000137329102
ZPVFWPFBNIEHGJ-UHFFFAOYSA-N,CCCCCCC(C)=O,-1.6460000276565552
XLNZEKHULJKQBA-UHFFFAOYSA-N,CCOP(=S)(OCC)SCSC(C)(C)C,-4.079999923706055
ONXPZLFXDMAPRO-UHFFFAOYSA-N,Clc1c(Cl)c(Cl)c(-c2c(Cl)c(Cl)c(Cl)c(Cl)c2Cl)c(Cl)c1Cl,-10.27299976348877
SNMVRZFUUCLYTO-UHFFFAOYSA-N,CCCCl,-0.9100000262260437
APSMUYYLXZULMS-UHFFFAOYSA-N,Brc1ccc2ccccc2c1,-3.821000099182129
LPAGFVYQRIESJQ-UHFFFAOYSA-N,c1ccc2c(c1)CCN2,-1.0390000343322754
ISEUFVQQFVOBCY-UHFFFAOYSA-N,COc1nc(NC(C)C)nc(NC(C)C)n1,-2.5439999103546143
STDBAQMTJLUMFW-UHFFFAOYSA-N,CCCCC1(CC)C(=O)NC(=O)NC1=O,-1.878999948501587
DSRNRYQBBJQVCW-UHFFFAOYSA-N,COc1ccc(NC(=O)N(C)C)cc1Cl,-2.6519999504089355
LQAVWYMTUMSFBE-UHFFFAOYSA-N,C=CCCCO,0.3709999918937683
ZFRKQXVRDFCRJG-UHFFFAOYSA-N,Cc1c[nH]c2ccccc12,-1.4900000095367432
OPXLLQIJSORQAM-UHFFFAOYSA-N,COC(=O)Nc1nc2ccc(C(=O)c3ccccc3)cc2[nH]1,-5.00600004196167
STJLVHWMYQXCPB-UHFFFAOYSA-N,CCCC1COC(Cn2cncn2)(c2ccc(Cl)cc2Cl)O1,-3.9639999866485596
CXOWYJMDMMMMJO-UHFFFAOYSA-N,CCCC(C)(C)C,-3.385
IWTBVKIGCDZRPL-UHFFFAOYSA-N,CCC(C)CCO,-0.3019999861717224
XIGAUIHYSDTJHW-UHFFFAOYSA-N,CN(C(=O)COc1nc2ccccc2s1)c1ccccc1,-5.14900016784668
WDCYWAQPCXBPJA-UHFFFAOYSA-N,O=[N+]([O-])c1cccc([N+](=O)[O-])c1,-2.489000082015991
NMUINCUJOZFODB-UHFFFAOYSA-N,COc1cnc2cncnc2n1,-1.1579999923706055
WAPNOHKVXSQRPX-UHFFFAOYSA-N,CC(O)c1ccccc1,-0.4390000104904175
ZAFNJMIOTHYJRJ-UHFFFAOYSA-N,CC(C)OC(C)C,-0.5619999766349792
AFBPFSWMIHJQDM-UHFFFAOYSA-N,CNc1ccccc1,-0.4699999988079071
CATSNJVOTSVZJV-UHFFFAOYSA-N,CCCCCC(C)=O,-1.0679999589920044
NHTMVDHEPJAVLT-UHFFFAOYSA-N,CC(C)CC(C)(C)C,-3.8459999561309814
HUMNYLRZRPPJDN-UHFFFAOYSA-N,O=Cc1ccccc1,-0.6309999823570251
XDNBJTQLKCIJBV-UHFFFAOYSA-N,CCOP(=S)(OCC)Oc1ccc([S+](C)[O-])cc1,-1.1360000371932983
YTPLMLYBLZKORZ-UHFFFAOYSA-N,c1ccsc1,-1.0169999599456787
UCLKLGIYGBLTSM-UHFFFAOYSA-N,Clc1ccc(Cl)c(-c2cc(Cl)c(Cl)c(Cl)c2Cl)c1,-8.744999885559082
NFDFQCUYFHCNBW-UHFFFAOYSA-N,CC=C(C(=CC)c1ccc(O)cc1)c1ccc(O)cc1,-4.251999855041504
XEKOWRVHYACXOJ-UHFFFAOYSA-N,CCOC(C)=O,0.5889999866485596
DFCAFRGABIXSDS-UHFFFAOYSA-N,CCSC(=O)N(CC)C1CCCCC1,-2.6389999389648438
FJKIXWOMBXYWOQ-UHFFFAOYSA-N,C=COCC,0.7459999918937683
DRUIESSIVFYOMK-UHFFFAOYSA-N,N#CC(Cl)(Cl)Cl,-1.0920000076293945
MLUCVPSAIODCQM-UHFFFAOYSA-N,CC=CC=O,0.8489999771118164
INISTDXBRIBGOC-UHFFFAOYSA-N,CC(C)C(Nc1ccc(C(F)(F)F)cc1Cl)C(=O)OC(C#N)c1cccc(Oc2ccccc2)c1,-8.211000442504883
HFHZKZSRXITVMK-UHFFFAOYSA-N,CCCCC1C(=O)N(c2ccccc2)N(c2ccc(O)cc2)C1=O,-4.468999862670898
KJFMBFZCATUALV-UHFFFAOYSA-N,O=C1OC(c2ccc(O)cc2)(c2ccc(O)cc2)c2ccccc21,-5.795000076293945
QGXBDMJGAMFCBF-UHFFFAOYSA-N,CC12CCC3C(CCC4CC(O)CCC43C)C1CCC2=O,-4.336999893188477
JRLPEMVDPFPYPJ-UHFFFAOYSA-N,CCc1ccc(C)cc1,-2.8369998931884766
YGOGAACPYALXRT-UHFFFAOYSA-N,CCC1(C2=CCC3CCC2C3)C(=O)NC(=O)NC1=O,-2.8440001010894775
AMRQXHFXNZFDCH-UHFFFAOYSA-N,CCNC(=O)C(C)OC(=O)Nc1ccccc1,-2.296999931335449
QSSXJPIWXQTSIX-UHFFFAOYSA-N,Cc1ccccc1Br,-2.565000057220459
UJOBWOGCFQCDNV-UHFFFAOYSA-N,c1ccc2c(c1)[nH]c1ccccc12,-3.252000093460083
BTANRVKWQNVYAZ-UHFFFAOYSA-N,CCC(C)O,0.9729999899864197
RUFPHBVGCFYCNW-UHFFFAOYSA-N,Nc1cccc2ccccc12,-1.8980000019073486
PBBGSZCBWVPOOL-UHFFFAOYSA-N,CCC(c1ccc(O)cc1)C(CC)c1ccc(O)cc1,-4.204999923706055
MLUCVPSAIODCQM-NSCUHMNNSA-N,C/C=C/C=O,0.8489999771118164
VGGSQFUCUMXWEO-UHFFFAOYSA-N,C=C,0.625
KAATUXNTWXVJKI-UHFFFAOYSA-N,CC1(C)C(C=C(Cl)Cl)C1C(=O)OC(C#N)c1cccc(Oc2ccccc2)c1,-7.590000152587891
SSLKKMZJCJBOML-UHFFFAOYSA-N,CCN(CC)C(=O)CSc1ccc(Cl)nn1,-2.9019999504089355
RDXLYGJSWZYTFJ-UHFFFAOYSA-N,O=C1NCCN1c1ncc([N+](=O)[O-])s1,-2.5299999713897705
KRTSDMXIXPKRQR-UHFFFAOYSA-N,CNC(=O)C=C(C)OP(=O)(OC)OC,-0.2280000001192093
VQDXQNNYGSEHPU-UHFFFAOYSA-N,O=C1NC(=O)C2(CCC2)C(=O)N1,-0.9649999737739563
YPHMISFOHDHNIV-UHFFFAOYSA-N,CC1CC(C)C(=O)C(C(O)CC2CC(=O)NC(=O)C2)C1,-2.065999984741211
QQONPFPTGQHPMA-UHFFFAOYSA-N,C=CC,-0.26600000262260437
AMEKQAFGQBKLKX-UHFFFAOYSA-N,CC1=C(C(=O)Nc2ccccc2)S(=O)(=O)CCO1,-2.9549999237060547
XCKRRIQXHFBKKB-UHFFFAOYSA-N,CC(C)OC(=O)C(O)(c1ccc(Cl)cc1)c1cccc(Cl)c1,-5.021999835968018
NPPQSCRMBWNHMW-UHFFFAOYSA-N,CCCC(C)(COC(N)=O)COC(N)=O,-1.1990000009536743
UBOXGVDOUJQMTN-UHFFFAOYSA-N,ClCC(Cl)Cl,-1.3660000562667847
GEDIWDLJKRKBFT-UHFFFAOYSA-N,Cc1cc(OC(=O)N(C)C)n(-c2ccccc2)n1,-2.739000082015991
GOOHAUXETOMSMM-UHFFFAOYSA-N,CC1CO1,1.6059999465942383
QZYHIOPPLUPUJF-UHFFFAOYSA-N,Cc1cccc([N+](=O)[O-])c1,-2.1649999618530273
PLIKAWJENQZMHA-UHFFFAOYSA-N,Nc1ccc(O)cc1,-0.546999990940094
LRHPLDYGYMQRHN-UHFFFAOYSA-N,CCCCO,0.9330000281333923
NDDAHWYSQHTHNT-UHFFFAOYSA-N,CC1Cc2ccccc2N1NC(=O)c1ccc(Cl)c(S(N)(=O)=O)c1,-3.697000026702881
WSLDOOZREJYCGB-UHFFFAOYSA-N,ClCCCl,-0.8130000233650208
MFOUDYKPLGXPGO-UHFFFAOYSA-N,CC(C)N(C(=O)CCl)c1ccccc1,-2.9519999027252197
UMGDCJDMYOKAJW-UHFFFAOYSA-N,NC(N)=S,0.039000000804662704
ULBXWWGWDPVHAO-UHFFFAOYSA-N,C#CC(C)OC(=O)Nc1cccc(Cl)c1,-3.680000066757202
YZWKKMVJZFACSU-UHFFFAOYSA-N,CCCCCBr,-2.430999994277954
JMBQKKAJIKAWKF-UHFFFAOYSA-N,CCC1(c2ccccc2)CCC(=O)NC1=O,-2.7230000495910645
LHXDLQBQYFFVNW-UHFFFAOYSA-N,CC12CCC(C1)C(C)(C)C2=O,-1.8459999561309814
SNHMUERNLJLMHN-UHFFFAOYSA-N,Ic1ccccc1,-2.1700000762939453
UNAHYJYOSSSJHH-UHFFFAOYSA-N,CCCN(CCC)c1c([N+](=O)[O-])cc(S(N)(=O)=O)cc1[N+](=O)[O-],-2.385999917984009
BKIMMITUMNQMOS-UHFFFAOYSA-N,CCCCCCCCC,-4.577000141143799
HPQURZRDYMUHJI-UHFFFAOYSA-N,CCCCCC1CCCC1,-4.675000190734863
CSHWQDPOILHKBI-UHFFFAOYSA-N,c1cc2cccc3c4cccc5cccc(c(c1)c23)c54,-7.3520002365112305
BZHMBWZPUJHVEE-UHFFFAOYSA-N,CC(C)CC(C)C,-3.4159998893737793
ZXIJMRYMVAMXQP-UHFFFAOYSA-N,C1=CCCCCC1,-2.8970000743865967
PDRGHUMCVRDZLQ-UHFFFAOYSA-N,CC12CCc3c(ccc4cc(O)ccc34)C1CCC2=O,-4.980999946594238
IROINLKCQGIITA-UHFFFAOYSA-N,CCNc1nc(NC(C)(C)C)nc(SC)n1,-2.9159998893737793
YWDUZLFWHVQCHY-UHFFFAOYSA-N,Brc1cc(Br)cc(Br)c1,-4.10099983215332
NPDACUSDTOMAMK-UHFFFAOYSA-N,Cc1ccc(Cl)cc1,-2.4800000190734863
UFNIBRDIUNVOMX-UHFFFAOYSA-N,Clc1ccc(-c2ccccc2Cl)cc1,-5.181000232696533
HGBOYTHUEUWSSQ-UHFFFAOYSA-N,CCCCC=O,-0.017000000923871994
LCCNCVORNKJIRZ-UHFFFAOYSA-N,CCOP(=S)(OCC)Oc1ccc([N+](=O)[O-])cc1,-3.947999954223633
AVQQQNCBBIEMEU-UHFFFAOYSA-N,CN(C)C(=O)N(C)C,0.5270000100135803
SLZWBCGZQRRUNG-UHFFFAOYSA-N,CNC(=O)Oc1cc(C(C)(C)C)cc(C(C)(C)C)c1,-4.318999767303467
IYXGSMUGOJNHAZ-UHFFFAOYSA-N,CCOC(=O)CC(=O)OCC,-0.5260000228881836
CWJSHJJYOPWUGX-UHFFFAOYSA-N,CC(C)OC(=O)Nc1cccc(Cl)c1,-3.2869999408721924
MBRLOUHOWLUMFF-UHFFFAOYSA-N,COc1ccc2ccc(=O)oc2c1CC=C(C)C,-4.309000015258789
VKCYHJWLYTUGCC-UHFFFAOYSA-N,CCCCCCCC(C)=O,-2.2190001010894775
BBMMISOHGVCAMY-UHFFFAOYSA-N,CN1C(=O)c2cccnc2Oc2ccccc21,-3.1389999389648438
XCSGPAVHZFQHGE-UHFFFAOYSA-N,CCc1cccc(CC)c1N(COC)C(=O)CCl,-3.8239998817443848
FBFCVJNZKBVVRP-UHFFFAOYSA-N,CC(=O)OCN1C(=O)NC(c2ccccc2)(c2ccccc2)C1=O,-4.236000061035156
KWKAKUADMBZCLK-UHFFFAOYSA-N,C=CCCCCCC,-4.004000186920166
KAKZBPTYRLMSJV-UHFFFAOYSA-N,C=CC=C,-1.1380000114440918
WTEVQBCEXWBHNA-UHFFFAOYSA-N,CC(C)=CCCC(C)=CC=O,-2.128000020980835
OLWXRKNZPGNRLT-UHFFFAOYSA-N,CCCCCC(=O)OCN1C(=O)NC(c2ccccc2)(c2ccccc2)C1=O,-5.210999965667725
HXVNBWAKAOHACI-UHFFFAOYSA-N,CC(C)C(=O)C(C)C,-1.003000020980835
FMLSQAUAAGVTJO-UHFFFAOYSA-N,CC(C)CC(C)(C)O,-0.7059999704360962
FLKPEMZONWLCSK-UHFFFAOYSA-N,CCOC(=O)c1ccccc1C(=O)OCC,-2.5329999923706055
SBYAVOHNDJTVPA-UHFFFAOYSA-N,CC(C)CNC(=O)N1CCNC1=O,-0.8119999766349792
YNDXUCZADRHECN-UHFFFAOYSA-N,CC1(C)OC2CC3C4CCC5=CC(=O)C=CC5(C)C4(F)C(O)CC3(C)C2(C(=O)CO)O1,-3.7320001125335693
HYPRUQJUBWRVEM-UHFFFAOYSA-N,O=C1NC(=O)C2(CCCC2)C(=O)N1,-1.1890000104904175
DGBIGWXXNGSACT-UHFFFAOYSA-N,O=C1CN=C(c2ccccc2Cl)c2cc([N+](=O)[O-])ccc2N1,-6.085000038146973
FSNFYCPCXFQJSI-UHFFFAOYSA-N,Cc1ccc(OP(=O)(Oc2cccc(C)c2)Oc2ccccc2C)cc1,-6.109000205993652
RENMDAKOXSCIGH-UHFFFAOYSA-N,N#CCCl,0.5360000133514404
KSCFJBIXMNOVSH-UHFFFAOYSA-N,Cn1c(=O)c2c(ncn2CC(O)CO)n(C)c1=O,-0.9580000042915344
ZFXYFBGIUFBOJW-UHFFFAOYSA-N,Cn1c(=O)c2[nH]cnc2n(C)c1=O,-1.4739999771118164
QWVGKYWNOKOFNN-UHFFFAOYSA-N,Cc1ccccc1O,-0.6940000057220459
PVWOIHVRPOBWPI-UHFFFAOYSA-N,CCCI,-0.9150000214576721
NBQCNZYJJMBDKY-UHFFFAOYSA-N,Cc1[nH]c(=O)n(C(C)(C)C)c(=O)c1Cl,-2.697999954223633
IWDCLRJOBJJRNH-UHFFFAOYSA-N,Cc1ccc(O)cc1,-0.7639999985694885
QPADNTZLUBYNEN-UHFFFAOYSA-N,C=CCC1(CC)C(=O)NC(=O)NC1=O,-1.5219999551773071
LHGVFZTZFXWLCP-UHFFFAOYSA-N,COc1ccccc1O,-0.984000027179718
FMMWHPNWAFZXNH-UHFFFAOYSA-N,c1ccc2c(c1)cc1ccc3cccc4ccc2c1c34,-7.4070000648498535
RZVAJINKPMORJF-UHFFFAOYSA-N,CC(=O)Nc1ccc(O)cc1,-1.5160000324249268
WWJZWCUNLNYYAU-UHFFFAOYSA-N,COP(=S)(OC)Oc1ccc(Sc2ccc(OP(=S)(OC)OC)cc2)cc1,-6.61899995803833
ZNOLGFHPUIJIMJ-UHFFFAOYSA-N,COP(=S)(OC)Oc1ccc([N+](=O)[O-])c(C)c1,-3.7109999656677246
PUIYMUZLKQOUOZ-UHFFFAOYSA-N,CC(C)c1ccc(NC(=O)N(C)C)cc1,-2.4719998836517334
BRBKOPJOKNSWSG-UHFFFAOYSA-N,N=C(N)NS(=O)(=O)c1ccc(N)cc1,-1.6419999599456787
PGMYKACGEOXYJE-UHFFFAOYSA-N,CCCCCOC(C)=O,-1.128000020980835
URAYPUMNDPQOKB-UHFFFAOYSA-N,CC(=O)OCC(COC(C)=O)OC(C)=O,-0.7789999842643738
DOWJXOHBNXRUOD-UHFFFAOYSA-N,Cc1cccc2c1ccc1ccccc12,-5.080999851226807
ISRUGXGCCGIOQO-UHFFFAOYSA-N,CNC(=O)Oc1ccccc1OC(C)C,-2.312999963760376
TVDYTVXARUOWKL-UHFFFAOYSA-N,COC1=C(OC)C2C(=O)OCC2C=C1,-1.2170000076293945
VWXIHLCLIOQWRA-UHFFFAOYSA-N,O=c1nc2nccnc2c[nH]1,-1.9259999990463257
JZUFKLXOESDKRF-UHFFFAOYSA-N,NS(=O)(=O)c1cc2c(cc1Cl)NCNS2(=O)=O,-2.318000078201294
SDJHPPZKZZWAKF-UHFFFAOYSA-N,C=C(C)C(=C)C,-2.049999952316284
AWJUIBRHMBBTKR-UHFFFAOYSA-N,c1ccc2cnccc2c1,-1.3730000257492065
VIROVYVQCGLCII-UHFFFAOYSA-N,CCC1(CCC(C)C)C(=O)NC(=O)NC1=O,-2.1760001182556152
GJRQTCIYDGXPES-UHFFFAOYSA-N,CC(=O)OCC(C)C,-0.5220000147819519
TZIHFWKZFHZASV-UHFFFAOYSA-N,COC=O,1.4249999523162842
RGHHSNMVTDWUBI-UHFFFAOYSA-N,O=Cc1ccc(O)cc1,-1.0750000476837158
NGDNVOAEIVQRFH-UHFFFAOYSA-N,CCCCCCCC(C)O,-2.0260000228881836
QXKPLNCZSFACPU-UHFFFAOYSA-N,Cc1ccc2ccc(C)nc2c1,-2.8519999980926514
KFZMGEQAYNKOFK-UHFFFAOYSA-N,CC(C)O,1.6349999904632568
FMGSKLZLMKYGDP-UHFFFAOYSA-N,CC12CCC3C(CC=C4CC(O)CCC43C)C1CCC2=O,-4.13700008392334
MWBPRDONLNQCFV-UHFFFAOYSA-N,CC(C)N(C(=O)SCC(Cl)=C(Cl)Cl)C(C)C,-3.9079999923706055
DSSYKIVIOFKYAU-UHFFFAOYSA-N,CC12CCC(CC1=O)C2(C)C,-1.8009999990463257
ZFMITUMMTDLWHR-UHFFFAOYSA-N,Nc1cc(N2CCCCC2)nc(N)[n+]1[O-],-1.3179999589920044
WQONPSCCEXUXTQ-UHFFFAOYSA-N,Brc1ccccc1Br,-2.999000072479248
HOQADATXFBOEGG-UHFFFAOYSA-N,CCOP(=S)(NC(C)C)Oc1ccccc1C(=O)OC(C)C,-3.7179999351501465
MQJKPEGWNLWLTK-UHFFFAOYSA-N,Nc1ccc(S(=O)(=O)c2ccc(N)cc2)cc1,-3.2739999294281006
ZXQYGBMAQZUVMI-UHFFFAOYSA-N,CC1(C)C(C=C(Cl)C(F)(F)F)C1C(=O)OC(C#N)c1cccc(Oc2ccccc2)c1,-7.869999885559082
ATROHALUCMTWTB-UHFFFAOYSA-N,CCOP(=S)(OCC)ON=C(C#N)c1ccccc1,-4.6620001792907715
YTBRNEUEFCNVHC-UHFFFAOYSA-N,Clc1ccc(-c2ccc(Cl)cc2)cc1,-5.186999797821045
HLZKNKRTKFSKGZ-UHFFFAOYSA-N,CCCCCCCCCCCCCCO,-4.479000091552734
CZMRCDWAGMRECN-UHFFFAOYSA-N,OCC1OC(OC2(CO)OC(CO)C(O)C2O)C(O)C(O)C1O,-0.09799999743700027
HGINCPLSRVDWNT-UHFFFAOYSA-N,C=CC=O,1.4329999685287476
ADIMAYPTOBDMTL-UHFFFAOYSA-N,O=C1Nc2ccc(Cl)cc2C(c2ccccc2)=NC1O,-4.183000087738037
QCDWFXQBSFUVSP-UHFFFAOYSA-N,OCCOc1ccccc1,-0.6629999876022339
SKZKKFZAGNVIMN-UHFFFAOYSA-N,NC(=O)c1ccccc1O,-1.2450000047683716
SYBYTAAJFKOIEJ-UHFFFAOYSA-N,CC(=O)C(C)C,0.22200000286102295
UNNGUFMVYQJGTD-UHFFFAOYSA-N,CCC(C=O)CC,-0.6520000100135803
STUSTWKEFDQFFZ-UHFFFAOYSA-N,Cc1cc(Cl)ccc1N=CN(C)C,-2.11299991607666
NXXYKOUNUYWIHA-UHFFFAOYSA-N,Cc1cccc(C)c1O,-1.2489999532699585
XKJMBINCVNINCA-UHFFFAOYSA-N,CON(C)C(=O)Nc1ccc(Cl)c(Cl)c1,-3.4579999446868896
RJKFOVLPORLFTN-UHFFFAOYSA-N,CC(=O)C1CCC2C3CCC4=CC(=O)CCC4(C)C3CCC12C,-5.132999897003174
WFJIVOKAWHGMBH-UHFFFAOYSA-N,CCCCCCc1ccc(O)cc1O,-2.6080000400543213
LTMHDMANZUZIPE-UHFFFAOYSA-N,CC1OC(OC2C(O)CC(OC3C(O)CC(OC4CCC5(C)C(CCC6C5CC(O)C5(C)C(C7=CC(=O)OC7)CCC65O)C4)OC3C)OC2C)CC(O)C1O,-4.105000019073486
BLFLLBZGZJTVJG-UHFFFAOYSA-N,CCOC(=O)c1ccc(N)cc1,-1.9730000495910645
WVYWICLMDOOCFB-UHFFFAOYSA-N,CC(C)CC(C)O,-0.23899999260902405
PQOSNJHBSNZITJ-UHFFFAOYSA-N,CCCCC(C)(O)CC,-1.340999960899353
JWUJQDFVADABEY-UHFFFAOYSA-N,CC1CCCO1,0.3440000116825104
WQZGKKKJIJFFOK-UHFFFAOYSA-N,OCC1OC(O)C(O)C(O)C1O,0.21199999749660492
YCOXTKKNXUZSKD-UHFFFAOYSA-N,Cc1ccc(O)cc1C,-1.340000033378601
WJNRPILHGGKWCK-UHFFFAOYSA-N,CC(C)Nc1nc(Cl)nc(NC(C)C)n1,-3.1630001068115234
XKIRHOWVQWCYBT-UHFFFAOYSA-N,CCC(O)(CC)CC,-0.8019999861717224
NVGOPFQZYCNLDU-UHFFFAOYSA-N,CNc1cnn(-c2cccc(C(F)(F)F)c2)c(=O)c1Cl,-4.960000038146973
IWTBVKIGCDZRPL-UHFFFAOYSA-N,CCC(C)CCO,-0.3019999861717224
KUAZQDVKQLNFPE-UHFFFAOYSA-N,CN(C)C(=S)SSC(=S)N(C)C,-2.433000087738037
QXAITBQSYVNQDR-UHFFFAOYSA-N,Cc1ccc(N=CN(C)C=Nc2ccc(C)cc2C)c(C)c1,-4.236000061035156
KFUSEUYYWQURPO-UPHRSURJSA-N,Cl/C=C\Cl,-0.777999997138977
KMAQZIILEGKYQZ-UHFFFAOYSA-N,O=[N+]([O-])c1cccc(Cl)c1,-2.515000104904175
JLTDJTHDQAWBAV-UHFFFAOYSA-N,CN(C)c1ccccc1,-0.8379999995231628
VZPIPJKBIZCCCK-UHFFFAOYSA-N,CCCCOc1ccc(C(=O)OCC)c(N(CC)CC)c1,-4.065000057220459
KVNYFPKFSJIPBJ-UHFFFAOYSA-N,CCc1ccccc1CC,-3.4749999046325684
RMMXTBMQSGEXHJ-UHFFFAOYSA-N,Cc1c(N(C)C)c(=O)n(-c2ccccc2)n1C,-2.2730000019073486
RGLYKWWBQGJZGM-UHFFFAOYSA-N,CCC(=C(CC)c1ccc(O)cc1)c1ccc(O)cc1,-4.306000232696533
LFHISGNCFUNFFM-UHFFFAOYSA-N,O=[N+]([O-])C(Cl)(Cl)Cl,-1.2669999599456787
GLDOVTGHNKAZLK-UHFFFAOYSA-N,CCCCCCCCCCCCCCCCCCO,-5.942999839782715
VZGDMQKNWNREIO-UHFFFAOYSA-N,ClC(Cl)(Cl)Cl,-1.5019999742507935
HHOSMYBYIHNXNO-UHFFFAOYSA-N,CC(C)CCC(C)(C)C,-4.3420000076293945
GNHMRTZZNHZDDM-UHFFFAOYSA-N,N#CCCCl,-0.04100000113248825
MNSCVRXKDINXEY-UHFFFAOYSA-N,CN1C(C(=O)Nc2ccccn2)C(=O)c2ccccc2S1(=O)=O,-3.822000026702881
NHOWDZOIZKMVAI-UHFFFAOYSA-N,OC(c1ccc(Cl)cc1)(c1cncnc1)c1ccccc1Cl,-4.145999908447266
FMKOJHQHASLBPH-UHFFFAOYSA-N,CC(C)I,-0.8610000014305115
CETWDUZRCINIHU-UHFFFAOYSA-N,CCCCCC(C)O,-0.8930000066757202
USIUVYZYUHIAEV-UHFFFAOYSA-N,c1ccc(Oc2ccccc2)cc1,-3.6640000343322754
FVSKHRXBFJPNKK-UHFFFAOYSA-N,CCC#N,1.1710000038146973
DTGKSKDOIYIVQL-UHFFFAOYSA-N,CC1(C)C2CCC1(C)C(O)C2,-1.5440000295639038
CZZYITDELCSZES-UHFFFAOYSA-N,c1ccc(Cc2ccccc2)cc1,-3.9119999408721924
PNVJTZOFSHSLTO-UHFFFAOYSA-N,COP(=S)(OC)Oc1ccc(SC)c(C)c1,-4.369999885559082
BFCFYVKQTRLZHA-UHFFFAOYSA-N,O=[N+]([O-])c1ccccc1Cl,-2.4709999561309814
YNZXWQJZEDLQEG-UHFFFAOYSA-N,COc1cc2c(N)nc(N3CCN(C(=O)OCC(C)(C)O)CC3)nc2c(OC)c1OC,-2.869999885559082
CXOFVDLJLONNDW-UHFFFAOYSA-N,O=C1NC(=O)C(c2ccccc2)(c2ccccc2)N1,-3.8959999084472656
HEZNVIYQEUHLNI-UHFFFAOYSA-N,CCSCc1ccccc1OC(=O)NC,-2.8320000171661377
CXKIGWXPPVZSQK-UHFFFAOYSA-N,Clc1ccc(-c2c(Cl)ccc(Cl)c2Cl)c(Cl)c1,-7.946000099182129
IFLREYGFSNHWGE-UHFFFAOYSA-N,c1ccc2cc3cc4ccccc4cc3cc2c1,-6.420000076293945
MWWATHDPGQKSAR-UHFFFAOYSA-N,C#CC,-0.004000000189989805
BVOSSZSHBZQJOI-UHFFFAOYSA-N,C=CC(O)CCC,-0.2199999988079071
DUEPRVBVGDRKAG-UHFFFAOYSA-N,CNC(=O)Oc1cccc2c1OC(C)(C)C2,-2.684000015258789
KPSSIOMAKSHJJG-UHFFFAOYSA-N,CC(C)(C)CO,0.4099999964237213
AUKRYONWZHRJRE-UHFFFAOYSA-N,Oc1c2ccccc2cc2ccccc12,-3.477
XMGQYMWWDOXHJM-UHFFFAOYSA-N,C=C(C)C1CC=C(C)CC1,-4.02400016784668
RZILCCPWPBTYDO-UHFFFAOYSA-N,CN(C)C(=O)Nc1cccc(C(F)(F)F)c1,-2.7780001163482666
IZUPBVBPLAPZRR-UHFFFAOYSA-N,Oc1c(Cl)c(Cl)c(Cl)c(Cl)c1Cl,-3.5190000534057617
NURQLCJSMXZBPC-UHFFFAOYSA-N,Cc1ccncc1C,-0.625
VAHKBZSAUKPEOV-UHFFFAOYSA-N,Clc1ccc(-c2cc(Cl)ccc2Cl)cc1,-6.119999885559082
RNVCVTLRINQCPJ-UHFFFAOYSA-N,Cc1ccccc1N,-0.6729999780654907
AMVYOVYGIJXTQB-UHFFFAOYSA-N,COc1ccc(Oc2ccc(NC(=O)N(C)C)cc2)cc1,-3.809000015258789
JIVPVXMEBJLZRO-UHFFFAOYSA-N,NS(=O)(=O)c1cc(C2(O)NC(=O)c3ccccc32)ccc1Cl,-3.361999988555908
YXIWHUQXZSMYRE-UHFFFAOYSA-N,Sc1nc2ccccc2s1,-2.5250000953674316
YNPNZTXNASCQKK-UHFFFAOYSA-N,c1ccc2c(c1)ccc1ccccc12,-4.61299991607666
RQNKKIXVVHCBKY-UHFFFAOYSA-N,O=C1NC(=O)C2(CCCCCCC2)C(=O)N1,-2.007999897003174
BDERNNFJNOPAEC-UHFFFAOYSA-N,CCCO,1.625
HXGDTGSAIMULJN-UHFFFAOYSA-N,C1=Cc2cccc3cccc1c23,-3.9749999046325684
WWGQHTJIFOQAOC-UHFFFAOYSA-N,Oc1cc(Cl)cc(Cl)c1Cl,-2.753000020980835
PROQIPRRNZUXQM-UHFFFAOYSA-N,CC12CCC3c4ccc(O)cc4CCC3C1CC(O)C2O,-2.88700008392334
DDUHZTYCFQRHIY-UHFFFAOYSA-N,COC1=CC(=O)CC(C)C12Oc1c(Cl)c(OC)cc(OC)c1C2=O,-4.817999839782715
OJYGBLRPYBAHRT-UHFFFAOYSA-N,OCC(O)C1OC2OC(C(Cl)(Cl)Cl)OC2C1O,-0.7549999952316284
IQUPABOKLQSFBK-UHFFFAOYSA-N,O=[N+]([O-])c1ccccc1O,-1.784000039100647
BSPCSKHALVHRSR-UHFFFAOYSA-N,CCC(C)Cl,-1.6729999780654907
QILSFLSDHQAZET-UHFFFAOYSA-N,OC(c1ccccc1)c1ccccc1,-1.8990000486373901
YHRUOJUYPBUZOS-UHFFFAOYSA-N,ClCCCCl,-1.5180000066757202
MQIUGAXCHLFZKX-UHFFFAOYSA-N,CCCCCCCCOC(=O)c1ccccc1C(=O)OCCCCCCCC,-7.111000061035156
FXHOOIRPVKKKFG-UHFFFAOYSA-N,CC(=O)N(C)C,0.9419999718666077
XTRDKALNCIHHNI-UHFFFAOYSA-N,Cc1c([N+](=O)[O-])cccc1[N+](=O)[O-],-2.628000020980835
LSXKDWGTSHCFPP-UHFFFAOYSA-N,CCCCCCCBr,-3.634999990463257
UGQMRVRMYYASKQ-UHFFFAOYSA-N,O=c1[nH]cnc2c1ncn2C1OC(CO)C(O)C1O,-1.2519999742507935
FNYLWPVRPXGIIP-UHFFFAOYSA-N,Nc1nc(N)c2nc(-c3ccccc3)c(N)nc2n1,-3.7339999675750732
FBSFWRHWHYMIOG-UHFFFAOYSA-N,COC(=O)c1cc(O)c(O)c(O)c1,-1.8700000047683716
JHJOOSLFWRRSGU-UHFFFAOYSA-N,COP(=S)(OC)Oc1cc(Cl)c(Cl)cc1Cl,-5.90500020980835
OWNAXTAAAQTBSP-UHFFFAOYSA-N,CN(C)C(=O)Nc1cccc(OC(=O)NC(C)(C)C)c1,-2.6640000343322754
XMUJIPOFTAHSOK-UHFFFAOYSA-N,CCCCCCCCCC(C)O,-3.1010000705718994
NHDODQWIKUYWMW-UHFFFAOYSA-N,Clc1ccc(Br)cc1,-2.9179999828338623
HHLXJTDUHFBYAU-UHFFFAOYSA-N,CCC1(C(C)C)C(=O)NC(=O)NC1=O,-1.5049999952316284
RGXWDWUGBIJHDO-UHFFFAOYSA-N,CCCCCCCCCC(=O)OCC,-4.025000095367432
GCKMFJBGXUYNAG-UHFFFAOYSA-N,CC12CCC(=O)C=C1CCC1C2CCC2(C)C1CCC2(C)O,-4.543000221252441
TVMXDCGIABBOFY-UHFFFAOYSA-N,CCCCCCCC,-4.098999977111816
LMYRWZFENFIFIT-UHFFFAOYSA-N,Cc1ccc(S(N)(=O)=O)cc1,-1.2079999446868896
DFOXKPDFWGNLJU-UHFFFAOYSA-N,CC(O)C(C)(C)C,-0.12200000137090683
MXLMTQWGSQIYOW-UHFFFAOYSA-N,CC(C)C(C)O,0.3779999911785126
QMMFVYPAHWMCMS-UHFFFAOYSA-N,CSC,0.27399998903274536
ZFLIKDUSUDBGCD-UHFFFAOYSA-N,O=C1NC(=O)C(=O)N1,-2.072999954223633
JYGXADMDTFJGBT-UHFFFAOYSA-N,CC12CCC(=O)C=C1CCC1C2C(O)CC2(C)C1CCC2(O)C(=O)CO,-2.88700008392334
GYFAGKUZYNFMBN-UHFFFAOYSA-N,c1cc2ccc3ccc4ccc5cccc6c(c1)c2c3c4c56,-8.151000022888184
NKDDWNXOKDWJAK-UHFFFAOYSA-N,COCOC,1.2910000085830688
JHBKHLUZVFWLAG-UHFFFAOYSA-N,Clc1cc(Cl)c(Cl)cc1Cl,-4.85699987411499
YNARWAUTTJJADX-UHFFFAOYSA-N,CCN1c2ncccc2C(=S)N(C)c2cccnc21,-4.110000133514404
HFACYLZERDEVSX-UHFFFAOYSA-N,Nc1ccc(-c2ccc(N)cc2)cc1,-2.4210000038146973
FOXFZRUHNHCZPX-UHFFFAOYSA-N,CSc1nnc(C(C)(C)C)c(=O)n1N,-1.9570000171661377
YREQHYQNNWYQCJ-UHFFFAOYSA-N,CCOc1ccc(C(C)(C)COCc2cccc(Oc3ccccc3)c2)cc1,-6.60099983215332
AKUJBENLRBOFTD-UHFFFAOYSA-N,CC(=O)OCC(=O)C1(O)C(C)CC2C3CCC4=CC(=O)C=CC4(C)C3(F)C(O)CC21C,-4.472
DJEUXBQAKBLKPO-UHFFFAOYSA-N,Clc1ccc(-c2c(Cl)c(Cl)c(Cl)c(Cl)c2Cl)c(Cl)c1,-9.298999786376953
ASVDRLYVNFOSCI-UHFFFAOYSA-N,Cc1cc2c3ccccc3ccc2c2ccccc12,-6.756999969482422
VXNZUUAINFGPBY-UHFFFAOYSA-N,C=CCC,-1.2549999952316284
LKPLKUMXSAEKID-UHFFFAOYSA-N,O=[N+]([O-])c1c(Cl)c(Cl)c(Cl)c(Cl)c1Cl,-4.913000106811523
MTBZIGHNGSTDJV-UHFFFAOYSA-N,CCOP(=S)(OCC)N1C(=O)c2ccccc2C1=O,-4.056000232696533
YRGAYAGBVIXNAQ-UHFFFAOYSA-N,COc1ccc(Cl)cc1,-2.0769999027252197
IAKOZHOLGAGEJT-UHFFFAOYSA-N,COc1ccc(C(c2ccc(OC)cc2)C(Cl)(Cl)Cl)cc1,-6.019000053405762
CPNGPNLZQNNVQM-UHFFFAOYSA-N,c1cnc2ncncc2n1,-0.7319999933242798
KENZYIHFBRWMOD-UHFFFAOYSA-N,Clc1ccc(Cl)c(-c2ccc(Cl)c(Cl)c2)c1,-7.085000038146973
RQVYBGPQFYCBGX-UHFFFAOYSA-N,CCNc1nc(NC(C)C)nc(SC)n1,-2.559000015258789
MLFHJEHSLIIPHL-UHFFFAOYSA-N,CC(=O)OCCC(C)C,-1.0880000591278076
QRXWMOHMRWLFEY-UHFFFAOYSA-N,NNC(=O)c1ccncc1,-0.7839999794960022
DZMDPHNGKBEVRE-UHFFFAOYSA-N,CCCCCCCCl,-3.609999895095825
NXFQHRVNIOXGAQ-UHFFFAOYSA-N,O=C1CN(N=Cc2ccc([N+](=O)[O-])o2)C(=O)N1,-2.9649999141693115
FKRCODPIKNYEAC-UHFFFAOYSA-N,CCOC(=O)CC,-0.017000000923871994
IBSQPLPBRSHTTG-UHFFFAOYSA-N,Cc1ccccc1Cl,-2.482
SMWDFEZZVXVKRB-UHFFFAOYSA-N,c1ccc2ncccc2c1,-1.565999984741211
YFGYUFNIOHWBOB-UHFFFAOYSA-N,Cc1nc(N(C)C)nc(OC(=O)N(C)C)c1C,-1.6890000104904175
BJQHLKABXJIVAM-UHFFFAOYSA-N,CCCCC(CC)COC(=O)c1ccccc1C(=O)OCC(CC)CCCC,-7.076000213623047
KVFJBIQWENJTDM-UHFFFAOYSA-N,c1cc2c3c(c4ccc5ccccc5c4cc3c1)CC2,-7.324999809265137
BBMCTIGTTCKYKF-UHFFFAOYSA-N,CCCCCCCO,-0.9240000247955322
JSRLURSZEMLAFO-UHFFFAOYSA-N,Brc1cccc(Br)c1,-3.0190000534057617
GUBGYTABKSRVRQ-UHFFFAOYSA-N,OCC1OC(OC2C(CO)OC(O)C(O)C2O)C(O)C(O)C1O,-0.15299999713897705
AKCRQHGQIJBRMN-UHFFFAOYSA-N,Nc1ccccc1Cl,-1.1770000457763672
PVVKNINYCJVIFZ-UHFFFAOYSA-N,CCN1c2cc(OC)cc(C)c2NC(=O)c2cccnc21,-4.4039998054504395
XKJCHHZQLQNZHY-UHFFFAOYSA-N,O=C1NC(=O)c2ccccc21,-2.072000026702881
GNXFOGHNGIVQEH-UHFFFAOYSA-N,COc1ccccc1OCC(O)COC(N)=O,-1.444000005722046
CYTYCFOTNPOANT-UHFFFAOYSA-N,ClC(Cl)=C(Cl)Cl,-2.0980000495910645
VIROVYVQCGLCII-UHFFFAOYSA-N,CCC1(CCC(C)C)C(=O)NC(=O)NC1=O,-2.1760001182556152
PBMFSQRYOILNGV-UHFFFAOYSA-N,c1ccnnc1,0.6420000195503235
XXOYNJXVWVNOOJ-UHFFFAOYSA-N,CN(C)C(=O)Nc1ccccc1,-1.371999979019165
HKMTVMBEALTRRR-UHFFFAOYSA-N,c1ccc2c(c1)Cc1c-2ccc2ccccc12,-6.001999855041504
UOCLXMDMGBRAIB-UHFFFAOYSA-N,CC(Cl)(Cl)Cl,-1.343999981880188
WURBVZBTWMNKQT-UHFFFAOYSA-N,CC(C)(C)C(=O)C(Oc1ccc(Cl)cc1)n1cncn1,-3.6619999408721924
PAAZPARNPHGIKF-UHFFFAOYSA-N,BrCCBr,-0.925000011920929
CTSLUCNDVMMDHG-UHFFFAOYSA-N,CCC(C)n1c(=O)[nH]c(C)c(Br)c1=O,-2.6589999198913574
OMFXVFTZEKFJBZ-UHFFFAOYSA-N,CC12CCC(=O)C=C1CCC1C2C(O)CC2(C)C(C(=O)CO)CCC12,-3.4860000610351562
WHTBVLXUSXVMEV-UHFFFAOYSA-N,Cc1cc(S(=O)(=O)c2ccccc2)ccc1NS(=O)(=O)C(F)(F)F,-4.348999977111816
IPEHBUMCGVEMRF-UHFFFAOYSA-N,NC(=O)c1cnccn1,-0.9279999732971191
FJBFPHVGVWTDIP-UHFFFAOYSA-N,BrCBr,-0.2590000033378601
XNLICIUVMPYHGG-UHFFFAOYSA-N,CCCC(C)=O,0.1420000046491623
PYLMCYQHBRSDND-UHFFFAOYSA-N,CCCC=C(C=O)CC,-1.5149999856948853
RMVRSNDYEFQCLF-UHFFFAOYSA-N,Sc1ccccc1,-2.127000093460083
XGCHAIDDPMFRLJ-UHFFFAOYSA-N,Oc1c(Cl)ccc(Cl)c1Cl,-2.700000047683716
KNKRKFALVUDBJE-UHFFFAOYSA-N,CC(Cl)CCl,-1.4459999799728394
DOFZAZXDOSGAJZ-UHFFFAOYSA-N,CCOP(=S)(OCC)SCCSCC,-3.7170000076293945
KLSJWNVTNUYHDU-UHFFFAOYSA-N,Nc1nc[nH]n1,-0.8360000252723694
ITRJWOMZKQRYTA-UHFFFAOYSA-N,CC(=O)OCC(=O)C1(O)CCC2C3CCC4=CC(=O)CCC4(C)C3C(=O)CC21C,-4.445000171661377
ZZLCFHIKESPLTH-UHFFFAOYSA-N,Cc1ccc(-c2ccccc2)cc1,-4.019999980926514
WDNBURPWRNALGP-UHFFFAOYSA-N,Oc1ccc(Cl)c(Cl)c1,-2.0769999027252197
AFABGHUZZDYHJO-UHFFFAOYSA-N,CCCC(C)C,-2.884000062942505
WXNZTHHGJRFXKQ-UHFFFAOYSA-N,Oc1ccc(Cl)cc1,-1.2680000066757202
JWAZRIHNYRIHIV-UHFFFAOYSA-N,Oc1ccc2ccccc2c1,-1.9830000400543213
DHXVGJBLRPWPCS-UHFFFAOYSA-N,C1CCOCC1,0.3630000054836273
OJGMBLNIHDZDGS-UHFFFAOYSA-N,CCNc1ccccc1,-0.9419999718666077
XDTMQSROBMDMFD-UHFFFAOYSA-N,C1CCCCC1,-2.496999979019165
FHADSMKORVFYOS-UHFFFAOYSA-N,OC1CCCCCCC1,-0.8339999914169312
QRMPKOFEUHIBNM-UHFFFAOYSA-N,CC1CCC(C)CC1,-3.494999885559082
AEMFNILZOJDQLW-UHFFFAOYSA-N,CC12CCC3C(CCC4=CC(=O)CCC43C)C1CCC2=O,-4.4079999923706055
FDQGNLOWMMVRQL-UHFFFAOYSA-N,C=CCC1(CC=C)C(=O)NC(=O)NC1=O,-1.8079999685287476
YASYVMFAVPKPKE-UHFFFAOYSA-N,COP(=O)(NC(C)=O)SC,-0.0820000022649765
QGRPVMLBTFGQDQ-UHFFFAOYSA-N,COc1ccccc1Cl,-2.062000036239624
LPIQUOYDBNQMRZ-UHFFFAOYSA-N,C1=CCCC1,-1.5989999771118164
DIKBFYAXUHHXCS-UHFFFAOYSA-N,BrC(Br)Br,-1.0240000486373901
UVJHQYIOXKWHFD-UHFFFAOYSA-N,C1=CCC=CC1,-2.0759999752044678
CVQODEWAPZVVBU-UHFFFAOYSA-N,CNC(=O)Oc1cc(C)cc(C)c1,-2.3980000019073486
HNKJADCVZUBCPG-UHFFFAOYSA-N,CSc1ccccc1,-1.9129999876022339
MJVAVZPDRWSRRC-UHFFFAOYSA-N,CC1=CC(=O)c2ccccc2C1=O,-2.430999994277954
GZFGOTFRPZRKDS-UHFFFAOYSA-N,Oc1ccc(Br)cc1,-1.292
LRJOMUJRLNCICJ-UHFFFAOYSA-N,CC(=O)OCC(=O)C1(O)CCC2C3CCC4=CC(=O)C=CC4(C)C3C(O)CC21C,-4.0320000648498535
CTMHWPIWNRWQEG-UHFFFAOYSA-N,CC1=CCCCC1,-2.555999994277954
IJFPVINAQGWBRJ-UHFFFAOYSA-N,CC(C)CCCCCOC(=O)c1ccccc1C(=O)OCCCCCC(C)C,-7.063000202178955
DDMOUSALMHHKOS-UHFFFAOYSA-N,FC(F)(Cl)C(F)(F)Cl,-2.3350000381469727
TXCDCPKCNAJMEE-UHFFFAOYSA-N,c1ccc2c(c1)oc1ccccc12,-3.433000087738037
YCSBALJAGZKWFF-UHFFFAOYSA-N,Nc1ccc2cc3ccccc3cc2c1,-3.5840001106262207
NBLIVIWUPTWDMD-UHFFFAOYSA-N,O=C1NC(=O)C2(CCCCC2)C(=O)N1,-1.4420000314712524
XSTXAVWGXDQKEL-UHFFFAOYSA-N,ClC=C(Cl)Cl,-1.6299999952316284
FTOVXSOBNPWTSH-UHFFFAOYSA-N,c1ccc2c(c1)-c1cccc3c1c-2cc1ccccc13,-7.3470001220703125
RDHPKYGYEGBMSE-UHFFFAOYSA-N,CCBr,-0.028999999165534973
OFDYMSKSGFSLLM-UHFFFAOYSA-N,CCN(CC)c1c([N+](=O)[O-])cc(C(F)(F)F)c(N)c1[N+](=O)[O-],-4.0
IUMRYNUBZSCOQG-UHFFFAOYSA-N,CCN1c2ccccc2C(=O)N(C)c2ccccc21,-3.6440000534057617
UFNIBRDIUNVOMX-UHFFFAOYSA-N,Clc1ccc(-c2ccccc2Cl)cc1,-5.181000232696533
PBKONEOXTCPAFI-UHFFFAOYSA-N,Clc1ccc(Cl)c(Cl)c1,-3.8010001182556152
SIKJAQJRHWYJAI-UHFFFAOYSA-N,c1ccc2[nH]ccc2c1,-0.9679999947547913
RELMFMZEBKVZJC-UHFFFAOYSA-N,Clc1cccc(Cl)c1Cl,-3.7699999809265137
MPEOPBCQHNWNFB-UHFFFAOYSA-N,Clc1ccccc1I,-3.1019999980926514
OPNPQXLQERQBBV-UHFFFAOYSA-N,CCC(Br)(CC)C(=O)NC(N)=O,-1.4620000123977661
DSKJPMWIHSOYEA-UHFFFAOYSA-N,CCCCc1c(C)nc(NCC)nc1OS(=O)(=O)N(C)C,-3.2019999027252197
QPUYECUOLPXSFR-UHFFFAOYSA-N,Cc1cccc2ccccc12,-3.38100004196167
UQDUPQYQJKYHQI-UHFFFAOYSA-N,CCCCCCCCCCCC(=O)OC,-4.4039998054504395
MCSINKKTEDDPNK-UHFFFAOYSA-N,CCCOC(=O)CC,-0.597000002861023
ZRIHAIZYIMGOAB-UHFFFAOYSA-N,CCC(C)C1(CC)C(=O)NC(=O)NC1=O,-1.840000033378601
HFACYLZERDEVSX-UHFFFAOYSA-N,Nc1ccc(-c2ccc(N)cc2)cc1,-2.4210000038146973
OWZREIFADZCYQD-UHFFFAOYSA-N,CC1(C)C(C=C(Br)Br)C1C(=O)OC(C#N)c1cccc(Oc2ccccc2)c1,-7.629000186920166
APQSQLNWAIULLK-UHFFFAOYSA-N,Cc1ccc(C)c2ccccc12,-3.940000057220459
JARKCYVAAOWBJS-UHFFFAOYSA-N,CCCCCC=O,-0.6830000281333923
XITQUSLLOSKDTB-UHFFFAOYSA-N,O=[N+]([O-])c1ccc(Oc2ccc(Cl)cc2Cl)cc1,-6.179999828338623
GWOFUCIGLDBNKM-UHFFFAOYSA-N,O=C(OCC(O)CO)c1ccccc1Nc1ccnc2cc(Cl)ccc12,-3.878999948501587
ZERULLAPCVRMCO-UHFFFAOYSA-N,CCCSCCC,-2.7149999141693115
RSWPVXFVQHCCCI-UHFFFAOYSA-N,O=C1NC(=O)C2(CCCCCC2)C(=O)N1,-1.715000033378601
LXCFILQKKLGQFO-UHFFFAOYSA-N,COC(=O)c1ccc(O)cc1,-1.6109999418258667
PAYRUJLWNCNPSJ-UHFFFAOYSA-N,Nc1ccccc1,-0.08100000023841858
HDZGCSFEDULWCS-UHFFFAOYSA-N,CNN,1.2730000019073486
UEJJHQNACJXSKW-UHFFFAOYSA-N,O=C1CCC(N2C(=O)c3ccccc3C2=O)C(=O)N1,-2.8420000076293945
RMOUBSOVHSONPZ-UHFFFAOYSA-N,CC(C)OC=O,0.8240000009536743
GYRPICHNIDQFOD-UHFFFAOYSA-N,C#CC1(O)CCC2C3CCC4=CC(=O)CCC4(O)C3CCC21C,-3.5490000247955322
FRDAATYAJDYRNW-UHFFFAOYSA-N,CCC(C)(O)CC,-0.20399999618530273
SBNFWQZLDJGRLK-UHFFFAOYSA-N,CC(C)=CC1C(C(=O)OCc2cccc(Oc3ccccc3)c2)C1(C)C,-6.802999973297119
IOJUPLGTWVMSFF-UHFFFAOYSA-N,c1ccc2scnc2c1,-1.9110000133514404
RZRPTBIGEANTGU-UHFFFAOYSA-N,CC12CC(=O)C3C(CCC4=CC(=O)CCC43C)C1CCC2=O,-3.7219998836517334
QMMOXUPEWRXHJS-HWKANZROSA-N,C/C=C/CC,-1.940000057220459
NUVBSKCKDOMJSU-UHFFFAOYSA-N,CCOC(=O)c1ccc(O)cc1,-1.8949999809265137
LCXMEXLGMKFLQO-UHFFFAOYSA-N,Clc1ccc(-c2cc(Cl)c(Cl)c(Cl)c2Cl)cc1Cl,-8.744999885559082
MVWHGTYKUMDIHL-UHFFFAOYSA-N,Clc1cc(Cl)c(-c2cc(Cl)c(Cl)cc2Cl)cc1Cl,-8.831999778747559
TUAMRELNJMMDMT-UHFFFAOYSA-N,Cc1cc(C)cc(O)c1,-1.4249999523162842
BYEVBITUADOIGY-UHFFFAOYSA-N,CCCCCCCCC(=O)OCC,-3.4700000286102295
BKOOMYPCSUNDGP-UHFFFAOYSA-N,CC=C(C)C,-1.50600004196167
XQZYPMVTSDWCCE-UHFFFAOYSA-N,N#Cc1ccccc1C#N,-1.7970000505447388
AUZONCFQVSMFAP-UHFFFAOYSA-N,CCN(CC)C(=S)SSC(=S)N(CC)CC,-3.296999931335449
RSPPUQXSQYBMEE-UHFFFAOYSA-N,CCN1c2nc(N(C)CCO)ccc2NC(=O)c2cccnc21,-2.571000099182129
YVGGHNCTFXOJCH-UHFFFAOYSA-N,Clc1ccc(C(c2ccc(Cl)cc2)C(Cl)(Cl)Cl)cc1,-6.979000091552734
DJPZSBANTAQNFN-UHFFFAOYSA-N,CC(=O)OC1CCC2C3CCC4=CC(=O)CCC4(C)C3CCC12C,-5.715000152587891
QPRQEDXDYOZYLA-UHFFFAOYSA-N,CCC(C)CO,0.30000001192092896
WDJUZGPOPHTGOT-UHFFFAOYSA-N,CC1OC(OC2C(O)CC(OC3C(O)CC(OC4CCC5(C)C(CCC6C5CCC5(C)C(C7=CC(=O)OC7)CCC65O)C4)OC3C)OC2C)CC(O)C1O,-4.578000068664551
QTBFPMKWQKYFLR-UHFFFAOYSA-N,CC(C)CCl,-1.6510000228881836
LINPIYWFGCPVIE-UHFFFAOYSA-N,Oc1c(Cl)cc(Cl)cc1Cl,-2.7330000400543213
CULUWZNBISUWAS-UHFFFAOYSA-N,O=C(Cn1ccnc1[N+](=O)[O-])NCc1ccccc1,-3.0230000019073486
FYFDQJRXFWGIBS-UHFFFAOYSA-N,O=[N+]([O-])c1ccc([N+](=O)[O-])cc1,-2.489000082015991
HMIBKHHNXANVHR-UHFFFAOYSA-N,CN(C)C(=O)SCCCCOc1ccccc1,-2.7990000247955322
WMSQREUDUHHDDC-UHFFFAOYSA-N,C=CCC1(C)C(=O)NC(=O)NC1=O,-1.215000033378601
VQTUBCCKSQIDNK-UHFFFAOYSA-N,C=C(C)C,-0.8270000219345093
RZXMPPFPUUCRFN-UHFFFAOYSA-N,Cc1ccc(N)cc1,-0.7089999914169312
JFDZBHWFFUWGJE-UHFFFAOYSA-N,N#Cc1ccccc1,-1.0169999599456787
BXWNKGSJHAJOGX-UHFFFAOYSA-N,CCCCCCCCCCCCCCCCO,-5.28000020980835
YYZUSRORWSJGET-UHFFFAOYSA-N,CCCCCCCC(=O)OCC,-2.9019999504089355
WWUVJRULCWHUSA-UHFFFAOYSA-N,C=C(C)CCC,-2.4830000400543213
NIKKSNUDXYPTRO-UHFFFAOYSA-N,COc1ncc2nccnc2n1,-1.2280000448226929
CDOSHBSSFJOMGT-UHFFFAOYSA-N,C=CC(C)(O)CCC=C(C)C,-1.8229999542236328
NIHNNTQXNPWCJQ-UHFFFAOYSA-N,c1ccc2c(c1)Cc1ccccc1-2,-4.26800012588501
ACBMYYVZWKYLIP-UHFFFAOYSA-N,CCCCCC(C)(C)O,-1.3220000267028809
JXSJBGJIGXNWCI-UHFFFAOYSA-N,CCOC(=O)CC(SP(=S)(OC)OC)C(=O)OCC,-3.13100004196167
YGLMVCVJLXREAK-UHFFFAOYSA-N,CN(C)C(=O)NC1CC2CC1C1CCCC21,-2.234999895095825
OZKOMUDCMCEDTM-UHFFFAOYSA-N,c1cnc2c(c1)ccc1ncccc12,-2.75
GYSSRZJIHXQEHQ-UHFFFAOYSA-N,CC1=C(C(=O)Nc2ccccc2)SCCO1,-2.992000102996826
BZNDWPRGXNILMS-UHFFFAOYSA-N,CCNP(=S)(OC)OC(C)=CC(=O)OC(C)C,-2.1640000343322754
KCXZNSGUUQJJTR-UHFFFAOYSA-N,CCCCCCOC(=O)c1ccccc1C(=O)OCCCCCC,-5.8379998207092285
ISAOCJYIOMOJEB-UHFFFAOYSA-N,O=C(c1ccccc1)C(O)c1ccccc1,-2.369999885559082
RCFRTWDBBMGLGK-UHFFFAOYSA-N,CCC1(C)C(=O)NC(=O)NC1=O,-0.9539999961853027
QXKHYNVANLEOEG-UHFFFAOYSA-N,COc1c2occc2cc2ccc(=O)oc12,-3.562999963760376
CMVQZRLQEOAYSW-UHFFFAOYSA-N,O=[N+]([O-])c1cccc(Cl)c1Cl,-3.2060000896453857
UYFLKEIEOREOFC-UHFFFAOYSA-N,O=C1C(=O)C(C2CCC(c3ccc(Cl)cc3)CC2)C(=O)c2ccccc21,-6.788000106811523
LGXVIGDEPROXKC-UHFFFAOYSA-N,C=C(Cl)Cl,-0.6850000023841858
WEEGYLXZBRQIMU-UHFFFAOYSA-N,CC12CCC(CC1)C(C)(C)O2,-2.441999912261963
ZTMKADLOSYKWCA-UHFFFAOYSA-N,O=c1[nH]c2c(c(=O)n1C1CCCCC1)CCC2,-3.140000104904175
CXWXQJXEFPUFDZ-UHFFFAOYSA-N,c1ccc2c(c1)CCCC2,-3.3429999351501465
LRUUNMYPIBZBQH-UHFFFAOYSA-N,Cn1c(=O)on(-c2ccc(Cl)c(Cl)c2)c1=O,-3.572999954223633
WKRLQDKEXYKHJB-UHFFFAOYSA-N,CC12CCC3C(=CCc4cc(O)ccc43)C1CCC2=O,-4.747
CTQNGGLPUBDAKN-UHFFFAOYSA-N,Cc1ccccc1C,-2.3239998817443848
KANLOADZXMMCQA-UHFFFAOYSA-N,Cc1ccc2c(ccc3ccccc32)c1,-5.072999954223633
FBPFZTCFMRRESA-UHFFFAOYSA-N,OCC(O)C(O)C(O)C(O)CO,0.656000018119812
FSCWZHGZWWDELK-UHFFFAOYSA-N,C=CC1(C)OC(=O)N(c2cc(Cl)cc(Cl)c2)C1=O,-4.317999839782715
CJGXJKVMUHXVHL-UHFFFAOYSA-N,CC(C)(C)Cc1ccccc1,-3.865000009536743
OWZPCEFYPSAJFR-UHFFFAOYSA-N,CCC(C)c1cc([N+](=O)[O-])cc([N+](=O)[O-])c1O,-3.2300000190734863
OCJBOOLMMGQPQU-UHFFFAOYSA-N,Clc1ccc(Cl)cc1,-2.819999933242798
YVXHZKKCZYLQOP-UHFFFAOYSA-N,C#CCCCCC,-2.9820001125335693
RDOWQLZANAYVLL-UHFFFAOYSA-N,c1ccc2c(c1)cnc1ccccc12,-3.447000026702881
PQSUYGKTWSAVDQ-UHFFFAOYSA-N,CC12CCC(=O)C=C1CCC1C2C(O)CC2(C=O)C(C(=O)CO)CCC12,-3.0429999828338623
QBYJBZPUGVGKQQ-UHFFFAOYSA-N,ClC1=C(Cl)C2(Cl)C3C4C=CC(C4)C3C1(Cl)C2(Cl)Cl,-6.883999824523926
NYQDCVLCJXRDSK-UHFFFAOYSA-N,COP(=S)(OC)Oc1cc(Cl)c(Br)cc1Cl,-5.908999919891357
RAIPHJJURHTUIC-UHFFFAOYSA-N,Nc1nccs1,-0.7879999876022339
ODNZLRLWXRXPOH-UHFFFAOYSA-N,Nc1cnn(-c2ccccc2)c(=O)c1Br,-3.375999927520752
SJWFXCIHNDVPSH-UHFFFAOYSA-N,CCCCCCC(C)O,-1.465000033378601
HNBDRPTVWVGKBR-UHFFFAOYSA-N,CCCCC(=O)OC,-0.5090000033378601
KDDQDUIBYASSFC-UHFFFAOYSA-N,CCN1c2ncccc2C(=O)Nc2c(C(F)(F)F)cc(C)nc21,-4.646999835968018
ONUFESLQCSAYKA-UHFFFAOYSA-N,CC(C)NC(=O)N1CC(=O)N(c2cc(Cl)cc(Cl)c2)C1=O,-4.298999786376953
QCKHVNQHBOGZER-UHFFFAOYSA-N,Brc1cc(Br)c(Br)cc1Br,-5.177000045776367
GGLIEWRLXDLBBF-UHFFFAOYSA-N,CCOc1ccc(NC(N)=O)cc1,-1.8890000581741333
JWUCHKBSVLQQCO-UHFFFAOYSA-N,OC(Cn1cncn1)(c1ccc(F)cc1)c1ccccc1F,-3.302999973297119
IBYHHJPAARCAIE-UHFFFAOYSA-N,ClCCBr,-0.8650000095367432
WJRBRSLFGCUECM-UHFFFAOYSA-N,O=C1CNC(=O)N1,-0.16500000655651093
CJHXCRMKMMBYJQ-UHFFFAOYSA-N,CCCCc1c(C)nc(N(C)C)[nH]c1=O,-2.4140000343322754
MTCPZNVSDFCBBE-UHFFFAOYSA-N,Clc1cc(Cl)c(-c2c(Cl)cccc2Cl)c(Cl)c1,-7.940999984741211
WZJZMXBKUWKXTQ-UHFFFAOYSA-N,CCOC(=O)Nc1cccc(OC(=O)Nc2ccccc2)c1,-4.744999885559082
LAXBNTIAOJWAOP-UHFFFAOYSA-N,Clc1ccccc1-c1ccccc1,-4.348999977111816
ZGEGCLOFRBLKSE-UHFFFAOYSA-N,C=CCCCCC,-3.4560000896453857
JMMWKPVZQRWMSS-UHFFFAOYSA-N,CC(=O)OC(C)C,0.06400000303983688
LGYTZKPVOAIUKX-UHFFFAOYSA-N,CC(=O)CCC1C(=O)N(c2ccccc2)N(c2ccccc2)C1=O,-4.118000030517578
SCWKRWCUMCMVPW-UHFFFAOYSA-N,CNC(=O)Oc1ccccc1,-1.4910000562667847
ZFFMLCVRJBZUDZ-UHFFFAOYSA-N,CC(C)C(C)C,-2.809000015258789
MXWJVTOOROXGIU-UHFFFAOYSA-N,CCNc1nc(Cl)nc(NC(C)C)n1,-2.816999912261963
JDLKFOPOAOFWQN-UHFFFAOYSA-N,C=CCS[S+]([O-])CC=C,-0.8180000185966492
SQCZQTSHSZLZIQ-UHFFFAOYSA-N,CCCCCCl,-2.4260001182556152
OTMSDBZUPAUEDD-UHFFFAOYSA-N,CC,0.7689999938011169
PCWGTDULNUVNBN-UHFFFAOYSA-N,CC(C)CCCO,-0.2930000126361847
ZOKXUAHZSKEQSS-UHFFFAOYSA-N,CCCCSP(=O)(SCCCC)SCCCC,-2.921999931335449
AIKKULXCBHRFOS-UHFFFAOYSA-N,COP(=S)(OC)SCC(=O)N(C)C=O,-1.937000036239624
BZLVMXJERCGZMT-UHFFFAOYSA-N,COC(C)(C)C,0.12399999797344208
QQZOPKMRPOGIEB-UHFFFAOYSA-N,CCCCC(C)=O,-0.4740000069141388
ISPYQTSUDJAMAB-UHFFFAOYSA-N,Oc1ccccc1Cl,-1.1950000524520874
SNHRLVCMMWUAJD-UHFFFAOYSA-N,CCCCC(=O)OC1(C(=O)CO)C(C)CC2C3CCC4=CC(=O)C=CC4(C)C3(F)C(O)CC21C,-5.1479997634887695
SWJPEBQEEAHIGZ-UHFFFAOYSA-N,Brc1ccc(Br)cc1,-3.006999969482422
MRBRHCRUXKHKKI-UHFFFAOYSA-N,CCN1C(=O)c2ccccc2Oc2ccccc21,-3.8959999084472656
RJKGJBPXVHTNJL-UHFFFAOYSA-N,O=[N+]([O-])c1cccc2ccccc12,-3.4509999752044678
XKYICAQFSCFURC-UHFFFAOYSA-N,CC(C)CCOC=O,-0.28700000047683716
GYMFBYTZOGMSQJ-UHFFFAOYSA-N,Cc1ccc2cc3ccccc3cc2c1,-5.081999778747559
SJNIEBAPMPLYAB-UHFFFAOYSA-N,CCOP(=S)(OCC)Oc1ccc2oc(=O)c(Cl)c(C)c2c1,-6.4770002365112305
YKYONYBAUNKHLG-UHFFFAOYSA-N,CCCOC(C)=O,0.010999999940395355
ISWSIDIOOBJBQZ-UHFFFAOYSA-N,Oc1ccccc1,-0.125
YXFVVABEGXRONW-UHFFFAOYSA-N,Cc1ccccc1,-1.6859999895095825
MBDMKWJEKDHRRP-UHFFFAOYSA-N,CCOC(=O)c1ccccc1S(=O)(=O)NN(C=O)c1nc(Cl)cc(OC)n1,-5.105000019073486
MTZQAGJQAFMTAQ-UHFFFAOYSA-N,CCOC(=O)c1ccccc1,-1.680999994277954
DLKQHBOKULLWDQ-UHFFFAOYSA-N,Brc1cccc2ccccc12,-3.815999984741211
ARSRBNBHOADGJU-UHFFFAOYSA-N,Cc1c2ccccc2c(C)c2c1ccc1ccccc12,-7.130000114440918
CKLLRBPBZLTGDJ-UHFFFAOYSA-N,Clc1ccc(-c2cc(Cl)c(Cl)c(Cl)c2Cl)c(Cl)c1,-8.744000434875488
AMQJEAYHLZJPGS-UHFFFAOYSA-N,CCCCCO,0.2809999883174896
BTAGRXWGMYTPBY-UHFFFAOYSA-N,Clc1ccc(-c2ccc(Cl)c(Cl)c2Cl)c(Cl)c1Cl,-8.67300033569336
SWMGXKSQWDSBKV-UHFFFAOYSA-N,CN1CC(O)N(c2nnc(C(C)(C)C)s2)C1=O,-1.5770000219345093
WTYGAUXICFETTC-UHFFFAOYSA-N,CCC1(C2=CCCCC2)C(=O)NC(=O)NC1=O,-2.321000099182129
VPOMSPZBQMDLTM-UHFFFAOYSA-N,Oc1cc(Cl)cc(Cl)c1,-2.125
WESDBLALURHRDL-UHFFFAOYSA-N,Cc1ncnc2nccnc12,-0.8930000066757202
OTKXWJHPGBRXCR-UHFFFAOYSA-N,COP(=S)(OC)Oc1ccc([N+](=O)[O-])cc1Cl,-3.996999979019165
IJXHLVMUNBOGRR-UHFFFAOYSA-N,CCCCCCCCC(=O)OC,-2.7709999084472656
MHNNAWXXUZQSNM-UHFFFAOYSA-N,C=C(C)CC,-1.7070000171661377
VJJPUSNTGOMMGY-UHFFFAOYSA-N,COc1cc(C2c3cc4c(cc3C(OC3OC5COC(C)OC5C(O)C3O)C3COC(=O)C23)OCO4)cc(OC)c1O,-3.813999891281128
JFSPBVWPKOEZCB-UHFFFAOYSA-N,Cc1occc1C(=O)Nc1ccccc1,-2.8420000076293945
LESVOLZBIFDZGS-UHFFFAOYSA-N,CNC(=O)C(C)SCCSP(=O)(OC)OC,-1.00600004196167
LJOZMWRYMKECFF-UHFFFAOYSA-N,O=C(Nc1ccccc1)c1ccccc1I,-4.7179999351501465
LKJPSUCKSLORMF-UHFFFAOYSA-N,CON(C)C(=O)Nc1ccc(Cl)cc1,-2.6559998989105225
MUKSMBAVCDPKRC-UHFFFAOYSA-N,Cc1ccc2c(c1)Oc1ncc(N)cc1C(=O)N2C,-3.744999885559082
UHCLFIWDCYOTOL-UHFFFAOYSA-N,Clc1ccc(Cl)c(-c2c(Cl)c(Cl)cc(Cl)c2Cl)c1,-8.743000030517578
PFCHFHIRKBAQGU-UHFFFAOYSA-N,CCCC(=O)CC,-0.5249999761581421
VTLYHLREPCPDKX-UHFFFAOYSA-N,Clc1cccc(-c2cccc(Cl)c2Cl)c1Cl,-7.004000186920166
KZNICNPSHKQLFF-UHFFFAOYSA-N,O=C1CCC(=O)N1,0.2290000021457672
ZAJNGDIORYACQU-UHFFFAOYSA-N,CCCCCCCCC(C)=O,-2.7730000019073486
HIMXGTXNXJYFGB-UHFFFAOYSA-N,O=C1NC(=O)C(=O)C(=O)N1,-2.2149999141693115
BFPYWIDHMRZLRN-UHFFFAOYSA-N,C#CC1(O)CCC2C3CCc4cc(O)ccc4C3CCC21C,-4.306000232696533
POZRVZJJTULAOH-UHFFFAOYSA-N,C#CC1(O)CCC2C3CCC4=Cc5oncc5CC4(C)C3CCC21C,-5.23799991607666
GFNANZIMVAIWHM-UHFFFAOYSA-N,CC12C=CC(=O)C=C1CCC1C3CC(O)C(O)(C(=O)CO)C3(C)CC(O)C12F,-2.419
LIKMAJRDDDTEIG-UHFFFAOYSA-N,C=CCCCC,-2.828000068664551
GWHJZXXIDMPWGX-UHFFFAOYSA-N,Cc1ccc(C)c(C)c1,-2.9010000228881836
MZZBPDKVEFVLFF-UHFFFAOYSA-N,CCNc1nc(Cl)nc(NC(C)(C)C#N)n1,-3.2820000648498535
BPRYUXCVCCNUFE-UHFFFAOYSA-N,Cc1cc(C)c(O)c(C)c1,-1.8370000123977661
BCMCBBGGLRIHSE-UHFFFAOYSA-N,c1ccc2ocnc2c1,-1.0019999742507935
XEOXEBNPBKUGJH-UHFFFAOYSA-N,O=CNC(N1C=CN(C(NC=O)C(Cl)(Cl)Cl)C=C1)C(Cl)(Cl)Cl,-1.8229999542236328
SDKQRNRRDYRQKY-UHFFFAOYSA-N,CNC(=O)Oc1ccccc1C1OCCO1,-1.6339999437332153
OVYWMEWYEJLIER-UHFFFAOYSA-N,Oc1ccc2ncccc2c1,-1.7330000400543213
VEQOALNAAJBPNY-UHFFFAOYSA-N,Cc1cc(=O)n(-c2ccccc2)n1C,-2.11299991607666
GHMLBKRAJCXXBS-UHFFFAOYSA-N,Oc1cccc(O)c1,-0.5540000200271606
RLLPVAHGXHCWKJ-UHFFFAOYSA-N,CC1(C)C(C=C(Cl)Cl)C1C(=O)OCc1cccc(Oc2ccccc2)c1,-7.355000019073486
JOYRKODLDBILNP-UHFFFAOYSA-N,CCOC(N)=O,0.7229999899864197
GGSUCNLOZRCGPQ-UHFFFAOYSA-N,CCN(CC)c1ccccc1,-1.7430000305175781
KZAUOCCYDRDERY-UHFFFAOYSA-N,CNC(=O)ON=C(SC)C(=O)N(C)C,-0.8679999709129333
CPJSUEIXXCENMM-UHFFFAOYSA-N,CCOc1ccc(NC(C)=O)cc1,-2.315999984741211
ZWRUINPWMLAQRD-UHFFFAOYSA-N,CCCCCCCCCO,-2.0369999408721924
DQMZLTXERSFNPB-UHFFFAOYSA-N,CCC1(c2ccccc2)C(=O)NCNC1=O,-2.1649999618530273
CHNXZKVNWQUJIB-UHFFFAOYSA-N,C#CC1(O)CCC2C3CCC4=CC(=O)CCC4(C)C3CCC21C,-4.724999904632568
LHHGDZSESBACKH-UHFFFAOYSA-N,O=C1C2(Cl)C3(Cl)C4(Cl)C(Cl)(Cl)C5(Cl)C3(Cl)C1(Cl)C5(Cl)C24Cl,-7.459000110626221
CCGPUGMWYLICGL-UHFFFAOYSA-N,CCCCN(C)C(=O)Nc1ccc(Cl)c(Cl)c1,-4.144
GWEHVDNNLFDJLR-UHFFFAOYSA-N,O=C(Nc1ccccc1)Nc1ccccc1,-3.566999912261963
SKZKKFZAGNVIMN-UHFFFAOYSA-N,NC(=O)c1ccccc1O,-1.2450000047683716
GBIHOLCMZGAKNG-UHFFFAOYSA-N,CC(C)C(C(=O)OC(C#N)c1cccc(Oc2ccccc2)c1)c1ccc(OC(F)F)cc1,-7.961999893188477
LMJSLTNSBFUCMU-UHFFFAOYSA-N,NS(=O)(=O)c1cc2c(cc1Cl)NC(C(Cl)Cl)NS2(=O)=O,-2.8269999027252197
WVDDGKGOMKODPV-UHFFFAOYSA-N,OCc1ccccc1,-0.12099999934434891
HVVINGXJHBOTJQ-UHFFFAOYSA-N,Cc1ccc2c(ccc3c4c5c(cccc5cc32)CC4)c1,-7.7779998779296875
PLAZTCDQAHEYBI-UHFFFAOYSA-N,Cc1ccccc1[N+](=O)[O-],-2.118000030517578
VHUNCYDAXJGCLO-UHFFFAOYSA-N,COC(=O)c1ccccc1OC1OC(COC2OCC(O)C(O)C2O)C(O)C(O)C1O,-1.3250000476837158
QVLAWKAXOMEXPM-UHFFFAOYSA-N,ClCC(Cl)(Cl)Cl,-1.9509999752044678
CJDWRQLODFKPEL-UHFFFAOYSA-N,O=C(NC(=O)c1c(F)cccc1F)Nc1cc(Cl)c(F)c(Cl)c1F,-7.788000106811523
HPYNZHMRTTWQTB-UHFFFAOYSA-N,Cc1cccnc1C,-0.7739999890327454
MCOQHIWZJUDQIC-UHFFFAOYSA-N,O=C(Nc1cccc(Cl)c1)OCC#CCCl,-4.270999908447266
MDNWOSOZYLHTCG-UHFFFAOYSA-N,Oc1ccc(Cl)cc1Cc1cc(Cl)ccc1O,-3.936000108718872
HSFWRNGVRCDJHI-UHFFFAOYSA-N,C#C,0.800000011920929
HPXRVTGHNJAIIH-UHFFFAOYSA-N,OC1CCCCC1,0.14000000059604645
YWAKXRMUMFPDSH-UHFFFAOYSA-N,C=CCCC,-2.0989999771118164
NLHHRLWOUZZQLW-UHFFFAOYSA-N,C=CC#N,1.1610000133514404
LOMMDWBTANPFEJ-UHFFFAOYSA-N,Nc1cccc2nc3ccccc3cc12,-3.5409998893737793
DPJCXCZTLWNFOH-UHFFFAOYSA-N,Nc1ccccc1[N+](=O)[O-],-1.8819999694824219
CETBSQOFQKLHHZ-UHFFFAOYSA-N,CCSSCC,-1.6369999647140503
WWRCMNKATXZARA-UHFFFAOYSA-N,Cc1ccccc1C(C)C,-3.3540000915527344
JUVIOZPCNVVQFO-UHFFFAOYSA-N,C=C(C)C1Cc2c(ccc3c2OC2COc4cc(OC)c(OC)cc4C2C3=O)O1,-5.816999912261963
KVZJLSYJROEPSQ-UHFFFAOYSA-N,CC1CCCCC1C,-3.509000062942505
UBQKCCHYAOITMY-UHFFFAOYSA-N,O=c1cccc[nH]1,-0.3930000066757202
CGYGETOMCSJHJU-UHFFFAOYSA-N,Clc1ccc2ccccc2c1,-3.7079999446868896
BAXOFTOLAUCFNW-UHFFFAOYSA-N,c1ccc2[nH]ncc2c1,-0.9990000128746033
UYTPUPDQBNUYGX-UHFFFAOYSA-N,Nc1nc2[nH]cnc2c(=O)[nH]1,-2.802999973297119
QQQYTWIFVNKMRW-UHFFFAOYSA-N,O=C(NC(=O)c1c(F)cccc1F)Nc1ccc(Cl)cc1,-6.2129998207092285
ULDHMXUKGWMISQ-UHFFFAOYSA-N,C=C(C)C1CC=C(C)C(=O)C1,-1.684999942779541
UCNVFOCBFJOQAL-UHFFFAOYSA-N,ClC(Cl)=C(c1ccc(Cl)cc1)c1ccc(Cl)cc1,-7.066999912261963
CZGCEKJOLUNIFY-UHFFFAOYSA-N,O=[N+]([O-])c1ccc(Cl)cc1,-2.5179998874664307
DHKHKXVYLBGOIT-UHFFFAOYSA-N,CCOC(C)OCC,0.17599999904632568
POLCUAVZOMRGSN-UHFFFAOYSA-N,CCCOCCC,-0.6349999904632568
DCUJJWWUNKIJPH-UHFFFAOYSA-N,Clc1cccc(C(Cl)(Cl)Cl)n1,-3.371
KIWUVOGUEXMXSV-UHFFFAOYSA-N,O=C1CSC(=S)N1,-1.340999960899353
NAMYKGVDVNBCFQ-UHFFFAOYSA-N,CC(C)Br,-0.8889999985694885
YZZVKLJKDFFSFL-UHFFFAOYSA-N,COc1c(O)c(Cl)c(Cl)c(Cl)c1Cl,-3.750999927520752
NFLGAXVYCFJBMK-UHFFFAOYSA-N,CC1CCC(C(C)C)C(=O)C1,-2.065000057220459
AHJKRLASYNVKDZ-UHFFFAOYSA-N,Clc1ccc(C(c2ccc(Cl)cc2)C(Cl)Cl)cc1,-6.48199987411499
CFBYEGUGFPZCNF-UHFFFAOYSA-N,COc1ccccc1[N+](=O)[O-],-2.380000114440918
KMGBZBJJOKUPIA-UHFFFAOYSA-N,CCCCI,-1.6640000343322754
WYURNTSHIVDZCO-UHFFFAOYSA-N,C1CCOC1,0.9710000157356262
SMDHCQAYESWHAE-UHFFFAOYSA-N,CCCCN(CC)c1c([N+](=O)[O-])cc(C(F)(F)F)cc1[N+](=O)[O-],-4.728000164031982
ZMHWQAHZKUPENF-UHFFFAOYSA-N,Clc1ccc(-c2cccc(Cl)c2Cl)cc1,-6.0929999351501465
YAPQBXQYLJRXSA-UHFFFAOYSA-N,Cn1cnc2c1c(=O)[nH]c(=O)n2C,-1.3769999742507935
ZLVJUFHIMOUPMS-UHFFFAOYSA-N,CCN1c2cc(N(C)C)cc(C)c2NC(=O)c2cccnc21,-3.9639999866485596
OWNRRUFOJXFKCU-UHFFFAOYSA-N,O=c1oc2ccccc2c(O)c1C(CC(O)c1ccc(-c2ccc(Br)cc2)cc1)c1ccccc1,-7.175000190734863
UBCKGWBNUIFUST-UHFFFAOYSA-N,COP(=O)(OC)OC(=CCl)c1cc(Cl)c(Cl)cc1Cl,-4.230999946594238
NPUKDXXFDDZOKR-UHFFFAOYSA-N,CCOC(=O)c1cncn1C(C)c1ccccc1,-2.694999933242798
AAOVKJBEBIDNHE-UHFFFAOYSA-N,CN1C(=O)CN=C(c2ccccc2)c2cc(Cl)ccc21,-4.835000038146973
MUMQYXACQUZOFP-UHFFFAOYSA-N,CCOP(=S)(OCC)SC(CCl)N1C(=O)c2ccccc2C1=O,-5.743000030517578
RLPGDEORIPLBNF-UHFFFAOYSA-N,CC(C)C(C)C(C)C,-3.888000011444092
JSZOAYXJRCEYSX-UHFFFAOYSA-N,CCC[N+](=O)[O-],-0.2240000069141388
QPFMBZIOSGYJDE-UHFFFAOYSA-N,ClC(Cl)C(Cl)Cl,-1.7719999551773071
QGBSISYHAICWAH-UHFFFAOYSA-N,N#CN=C(N)N,-0.7739999890327454
HUTDUHSNJYTCAR-UHFFFAOYSA-N,COc1ccc(C(O)(c2cncnc2)C2CC2)cc1,-2.446000099182129
LGYNIFWIKSEESD-UHFFFAOYSA-N,CCCCC(C=O)CC,-1.9359999895095825
OWYWGLHRNBIFJP-UHFFFAOYSA-N,CCN(CC)c1nc(Cl)nc(NC(C)C)n1,-3.1459999084472656
HAPOJKSPCGLOOD-UHFFFAOYSA-N,c1ccc2c(c1)Cc1cc3ccccc3cc1-2,-6.026000022888184
IHPDTPWNFBQHEB-UHFFFAOYSA-N,OC(c1ccccc1)C(O)c1ccccc1,-1.5199999809265137
AVMSWPWPYJVYKY-UHFFFAOYSA-N,CC(C)COC=O,0.2460000067949295
NHTGQOXRZFUGJX-UHFFFAOYSA-N,Clc1c(Cl)c(Cl)c2nccnc2c1Cl,-4.730999946594238
RDHHZPRHIKNBBI-UHFFFAOYSA-N,O=C1NC(=O)C2C=CC=CC12,-0.8420000076293945
URLKBWYHVLBVBO-UHFFFAOYSA-N,Cc1ccc(C)cc1,-2.257999897003174
AHJKRLASYNVKDZ-UHFFFAOYSA-N,Clc1ccc(C(c2ccc(Cl)cc2)C(Cl)Cl)cc1,-6.48199987411499
DQJCHOQLCLEDLL-UHFFFAOYSA-N,Cc1cccc2sc3nncn3c12,-2.5929999351501465
HYBBIBNJHNGZAN-UHFFFAOYSA-N,O=Cc1ccco1,0.012000000104308128
CRQQGFGUEAVUIL-UHFFFAOYSA-N,N#Cc1c(Cl)c(Cl)c(Cl)c(C#N)c1Cl,-4.796999931335449
QIMMUPPBPVKWKM-UHFFFAOYSA-N,Cc1ccc2ccccc2c1,-3.3519999980926514
HCFSGRMEEXUOSS-UHFFFAOYSA-N,CC(=O)C1(C)CCC2C3C=C(C)C4=CC(=O)CCC4(C)C3CCC21C,-5.505
DUXCSEISVMREAX-UHFFFAOYSA-N,CC(C)(C)CCO,-0.17299999296665192
IHIDFKLAWYPTKB-UHFFFAOYSA-N,Clc1ccc(-c2c(Cl)cccc2Cl)cc1,-6.090000152587891
RLIONZRKXHAVFB-UHFFFAOYSA-N,CC(=O)OC1(C)CCC2C3CCC4=CC(=O)CCC4(C)C3CCC21C,-5.97599983215332
HCFAJYNVAYBARA-UHFFFAOYSA-N,CCCC(=O)CCC,-1.121999979019165
QHPQWRBYOIRBIT-UHFFFAOYSA-N,CC(C)(C)c1ccc(O)cc1,-1.9479999542236328
HOLHYSJJBXSLMV-UHFFFAOYSA-N,Oc1c(Cl)cccc1Cl,-1.9789999723434448
BMTAFVWTTFSTOG-UHFFFAOYSA-N,CCSC(=O)N(CC(C)C)CC(C)C,-2.7219998836517334
QPJVMBTYPHYUOC-UHFFFAOYSA-N,COC(=O)c1ccccc1,-1.3040000200271606
OQZCSNDVOWYALR-UHFFFAOYSA-N,O=C1C(Cl)C(CCl)CN1c1cccc(C(F)(F)F)c1,-4.72599983215332
ZPTVNYMJQHSSEA-UHFFFAOYSA-N,Cc1ccc([N+](=O)[O-])cc1,-2.1649999618530273
LFVLUOAHQIVABZ-UHFFFAOYSA-N,COP(=S)(OC)Oc1cc(Cl)c(I)cc1Cl,-5.980999946594238
LQNUZADURLCDLV-UHFFFAOYSA-N,O=[N+]([O-])c1ccccc1,-1.725000023841858
MUMGGOZAMZWBJJ-UHFFFAOYSA-N,CC12CCC(=O)C=C1CCC1C2CCC2(C)C(O)CCC12,-4.156000137329102
TVQGDYNRXLTQAP-UHFFFAOYSA-N,CCCCCCC(=O)OCC,-2.3259999752044678
BBXXLROWFHWFQY-UHFFFAOYSA-N,CCCCc1c(C)nc(NCC)[nH]c1=O,-3.069999933242798
AQCHWTWZEMGIFD-UHFFFAOYSA-N,Cc1ccccc1N1C(=O)c2cc(S(N)(=O)=O)c(Cl)cc2NC1C,-3.7249999046325684
NFACJZMKEDPNKN-UHFFFAOYSA-N,COP(=O)(OC)C(O)C(Cl)(Cl)Cl,-0.7269999980926514
IVUXTESCPZUGJC-UHFFFAOYSA-N,CN(C)C(=O)Nc1ccc(Oc2ccc(Cl)cc2)cc1,-4.748000144958496
KJONHKAYOJNZEC-UHFFFAOYSA-N,O=C1CN=C(c2ccccc2)c2cc([N+](=O)[O-])ccc2N1,-5.447999954223633
WWGUMAYGTYQSGA-UHFFFAOYSA-N,Cc1cc2ccccc2cc1C,-3.931999921798706
DDBREPKUVSBGFI-UHFFFAOYSA-N,CCC1(c2ccccc2)C(=O)NC(=O)NC1=O,-2.615999937057495
ZSLBEMKAJDJVND-UHFFFAOYSA-N,CCN1c2ccccc2N(C)C(=S)c2cccnc21,-4.521999835968018
JHIVVAPYMSGYDF-UHFFFAOYSA-N,O=C1CCCCC1,-0.0729999989271164
NVJUHMXYKCUMQA-UHFFFAOYSA-N,CCCOCC,0.04699999839067459
DOIRQSBPFJWKBE-UHFFFAOYSA-N,CCCCOC(=O)c1ccccc1C(=O)OCCCC,-4.136000156402588
AEXMKKGTQYQZCS-UHFFFAOYSA-N,CCC(C)(C)CC,-3.3949999809265137
VYMDGNCVAMGZFE-UHFFFAOYSA-N,CCCCC1C(=O)N(c2ccccc2)N(c2ccccc2)C1=O,-4.486000061035156
DMEGYFMYUHOHGS-UHFFFAOYSA-N,C1CCCCCC1,-3.0959999561309814
UREBDLICKHMUKA-UHFFFAOYSA-N,CC1CC2C3CCC4=CC(=O)C=CC4(C)C3(F)C(O)CC2(C)C1(O)C(=O)CO,-3.197999954223633
HFPZCAJZSCWRBC-UHFFFAOYSA-N,Cc1ccc(C(C)C)cc1,-3.283
OFCNXPDARWKPPY-UHFFFAOYSA-N,O=c1[nH]cnc2[nH]ncc12,-1.875
GWQSENYKCGJTRI-UHFFFAOYSA-N,Clc1ccc(I)cc1,-3.115999937057495
OCKPCBLVNKHBMX-UHFFFAOYSA-N,CCCCc1ccccc1,-3.490999937057495
JLYXXMFPNIAWKQ-UHFFFAOYSA-N,ClC1C(Cl)C(Cl)C(Cl)C(Cl)C1Cl,-4.000999927520752
XJCLWVXTCRQIDI-UHFFFAOYSA-N,C=C(Cl)CSC(=S)N(CC)CC,-3.694999933242798
RJMUSRYZPJIFPJ-UHFFFAOYSA-N,O=C(Nc1ccc([N+](=O)[O-])cc1Cl)c1cc(Cl)ccc1O,-5.300000190734863
KXUHSQYYJYAXGZ-UHFFFAOYSA-N,CC(C)Cc1ccccc1,-3.38700008392334
ORNBQBCIOKFOEO-UHFFFAOYSA-N,CC(=O)C1CCC2C3CC=C4CC(O)CCC4(C)C3CCC12C,-4.9070000648498535
XJKSTNDFUHDPQJ-UHFFFAOYSA-N,c1ccc(-c2ccc(-c3ccccc3)cc2)cc1,-5.829999923706055
MSXVEPNJUHWQHW-UHFFFAOYSA-N,CCC(C)(C)O,0.41100001335144043
WQAQPCDUOCURKW-UHFFFAOYSA-N,CCCCS,-1.6829999685287476
UORJNBVJVRLXMQ-UHFFFAOYSA-N,C=CCC1(C(C)C)C(=O)NC(=O)NC1=O,-1.7990000247955322
NQDJXKOVJZTUJA-UHFFFAOYSA-N,Cc1ccnc2c1NC(=O)c1cccnc1N2C1CC1,-3.5880000591278076
UNXHWFMMPAWVPI-UHFFFAOYSA-N,OCC(O)C(O)CO,0.9309999942779541
PWNAWOCHVWERAR-UHFFFAOYSA-N,CCN(Cc1c(F)cccc1Cl)c1c([N+](=O)[O-])cc(C(F)(F)F)cc1[N+](=O)[O-],-6.370999813079834
MCJGNVYPOGVAJF-UHFFFAOYSA-N,Oc1cccc2cccnc12,-1.6640000343322754
XUCIJNAGGSZNQT-UHFFFAOYSA-N,N#CC(OC1OC(COC2OC(CO)C(O)C(O)C2O)C(O)C(O)C1O)c1ccccc1,-1.2039999961853027
OKKJLVBELUTLKV-UHFFFAOYSA-N,CO,1.6859999895095825
QHJMFSMPSZREIF-UHFFFAOYSA-N,Cc1cc(C)c2ccccc2c1,-3.928999900817871
JXCGFZXSOMJFOA-UHFFFAOYSA-N,Cc1ccc(NC(=O)N(C)C)cc1Cl,-2.8350000381469727
HFBWPRKWDIRYNX-UHFFFAOYSA-N,CCNc1nc(Cl)nc(N(CC)CC)n1,-2.7950000762939453
POAOYUHQDCAZBD-UHFFFAOYSA-N,CCCCOCCO,0.22699999809265137
XSQUKJJJFZCRTK-UHFFFAOYSA-N,NC(N)=O,-1.0199999809265137
OPTASPLRGRRNAP-UHFFFAOYSA-N,Nc1cc[nH]c(=O)n1,-1.1920000314712524
CZPWVGJYEJSRLH-UHFFFAOYSA-N,c1cncnc1,0.574999988079071
ICMAFTSLXCXHRK-UHFFFAOYSA-N,CCCCC(=O)OCC,-1.1670000553131104
IVSZLXZYQVIEFR-UHFFFAOYSA-N,Cc1cccc(C)c1,-2.2709999084472656
XJHDMGJURBVLLE-UHFFFAOYSA-N,CC1=C2C3OC(=O)C(C)C3CCC2(C)C=CC1=O,-2.868000030517578
AUHZEENZYGFFBQ-UHFFFAOYSA-N,Cc1cc(C)cc(C)c1,-2.8889999389648438
ZMXIYERNXPIYFR-UHFFFAOYSA-N,CCc1cccc2ccccc12,-3.9200000762939453
ULYZAYCEDJDHCC-UHFFFAOYSA-N,CC(C)Cl,-0.843999981880188
WDECIBYCCFPHNR-UHFFFAOYSA-N,c1ccc2c(c1)ccc1c3ccccc3ccc21,-6.369999885559082
WPTCSQBWLUUYDV-UHFFFAOYSA-N,c1ccc2nc(-c3ccc4ccccc4n3)ccc2c1,-5.663000106811523
QUGUFLJIAFISSW-UHFFFAOYSA-N,Fc1ccc(F)cc1,-1.781000018119812
TZMHVHLTPWKZCI-UHFFFAOYSA-N,Clc1ccc(-c2c(Cl)cc(Cl)c(Cl)c2Cl)c(Cl)c1Cl,-9.303000450134277
CWRYPZZKDGJXCA-UHFFFAOYSA-N,c1cc2c3c(cccc3c1)CC2,-4.019999980926514
JVSWJIKNEAIKJW-UHFFFAOYSA-N,CCCCCC(C)C,-4.040999889373779
NNPPMTNAJDCUHE-UHFFFAOYSA-N,CC(C)C,-1.343000054359436
IJDNQMDRQITEOD-UHFFFAOYSA-N,CCCC,-1.3890000581741333
HJUFTIJOISQSKQ-UHFFFAOYSA-N,CCOC(=O)NCCOc1ccc(Oc2ccccc2)cc1,-4.0279998779296875
MPPPKRYCTPRNTB-UHFFFAOYSA-N,CCCCBr,-1.7209999561309814
FBPFZTCFMRRESA-UHFFFAOYSA-N,OCC(O)C(O)C(O)C(O)CO,0.656000018119812
YXOLAZRVSSWPPT-UHFFFAOYSA-N,O=c1c(O)c(-c2ccc(O)cc2O)oc2cc(O)cc(O)c12,-4.326000213623047
NGFMICBWJRZIBI-UHFFFAOYSA-N,OCc1ccccc1OC1OC(CO)C(O)C(O)C1O,-0.7540000081062317
BUYMVQAILCEWRR-UHFFFAOYSA-N,COP(=O)(OC)OC(Br)C(Cl)(Cl)Br,-1.4320000410079956
MXXWOMGUGJBKIW-UHFFFAOYSA-N,O=C(C=CC=Cc1ccc2c(c1)OCO2)N1CCCCC1,-3.315999984741211
MVPPADPHJFYWMZ-UHFFFAOYSA-N,Clc1ccccc1,-1.909999966621399
RWXKUYSKUSXRGL-UHFFFAOYSA-N,CCN(CC)C(=O)C(Cl)=CCOP(=O)(OC)OC,-1.0770000219345093
DFBKLUNHFCTMDC-UHFFFAOYSA-N,ClC1=C(Cl)C2(Cl)C3C4CC(C5OC45)C3C1(Cl)C2(Cl)Cl,-6.123000144958496
DIWRORZWFLOCLC-UHFFFAOYSA-N,O=C1Nc2ccc(Cl)cc2C(c2ccccc2Cl)=NC1O,-4.809000015258789
SATCULPHIDQDRE-UHFFFAOYSA-N,O=Cc1ccc2c(c1)OCO2,-1.5579999685287476
BCQZXOMGPXTTIC-UHFFFAOYSA-N,FC(F)(F)C(Cl)Br,-1.875
AQIXEPGDORPWBJ-UHFFFAOYSA-N,CCC(O)CC,0.30399999022483826
GGMPTLAAIUQMIE-UHFFFAOYSA-N,Clc1c(Cl)c(Cl)c(-c2ccccc2)c(Cl)c1Cl,-7.830999851226807
DRAVOWXCEBXPTN-UHFFFAOYSA-N,Nc1[nH]c(=O)nc2nc[nH]c12,-2.9000000953674316
QWTDNUCVQCZILF-UHFFFAOYSA-N,CCC(C)C,-2.1700000762939453
SLGBZMMZGDRARJ-UHFFFAOYSA-N,c1ccc2c(c1)c1ccccc1c1ccccc21,-6.35699987411499
UAEPNZWRGJTJPN-UHFFFAOYSA-N,CC1CCCCC1,-3.0460000038146973
BGHCVCJVXZWKCC-UHFFFAOYSA-N,CCCCCCCCCCCCCC,-6.389999866485596
SVFKQHLOBRUZGV-UHFFFAOYSA-N,CCN1c2ncccc2C(=O)N(C)c2cccnc21,-2.618000030517578
KIEDNEWSYUYDSN-UHFFFAOYSA-N,CC1(C)CON(Cc2ccccc2Cl)C1=O,-3.319000005722046
MCSAJNNLRCFZED-UHFFFAOYSA-N,CC[N+](=O)[O-],0.34299999475479126
DFPAKSUCGFBDDF-UHFFFAOYSA-N,NC(=O)c1cccnc1,-0.8169999718666077
PRLMFHYBTOQSLN-UHFFFAOYSA-N,CSc1nc(N(C)C)nc(N(C)C)n1,-1.2790000438690186
XJCVRTZCHMZPBD-UHFFFAOYSA-N,Nc1cccc([N+](=O)[O-])c1,-1.9210000038146973
JPOPEORRMSDUIP-UHFFFAOYSA-N,Clc1cc(Cl)c(Cl)c(-c2c(Cl)c(Cl)cc(Cl)c2Cl)c1Cl,-9.791000366210938
NZZFYRREKKOMAT-UHFFFAOYSA-N,ICI,-0.6269999742507935
IWDDXZKCDHOOSF-UHFFFAOYSA-N,O=C1NC(=O)C(O)(C2(O)C(=O)NC(=O)NC2=O)C(=O)N1,-2.115999937057495
YIWUKEYIRIRTPP-UHFFFAOYSA-N,CCCCC(CC)CO,-1.4730000495910645
NLYNUTMZTCLNOO-UHFFFAOYSA-N,CON(C)C(=O)Nc1ccc(Br)c(Cl)c1,-3.4820001125335693
WOIGZSBYKGQJGL-UHFFFAOYSA-N,C=CCC1(c2ccccc2)C(=O)NC(=O)NC1=O,-2.8589999675750732
VXIVSQZSERGHQP-UHFFFAOYSA-N,NC(=O)CCl,0.6990000009536743
IYYZUPMFVPLQIF-UHFFFAOYSA-N,c1ccc2c(c1)sc1ccccc12,-4.539999961853027
YQWCIPIEEBVRNY-UHFFFAOYSA-N,OC1C=CC2C1C1(Cl)C(Cl)=C(Cl)C2(Cl)C1(Cl)Cl,-4.163000106811523
NEKOXWSIMFDGMA-UHFFFAOYSA-N,CCCN(CCC)c1c([N+](=O)[O-])cc(C(C)C)cc1[N+](=O)[O-],-5.007999897003174
UCCUXODGPMAHRL-UHFFFAOYSA-N,Brc1ccc(I)cc1,-3.2170000076293945
DNXHEGUUPJUMQT-UHFFFAOYSA-N,CC12CCC3c4ccc(O)cc4CCC3C1CCC2=O,-4.823999881744385
RLFWWDJHLFCNIJ-UHFFFAOYSA-N,Cc1c(N)c(=O)n(-c2ccccc2)n1C,-2.2149999141693115
RTZZCYNQPHTPPL-UHFFFAOYSA-N,O=[N+]([O-])c1cccc(O)c1,-1.8270000219345093
YUWFEBAXEOLKSG-UHFFFAOYSA-N,Cc1c(C)c(C)c(C)c(C)c1C,-4.775000095367432
MNDIARAMWBIKFW-UHFFFAOYSA-N,CCCCCCBr,-3.065999984741211
IBXNCJKFFQIKKY-UHFFFAOYSA-N,C#CCCC,-1.5640000104904175
AJDIZQLSFPQPEY-UHFFFAOYSA-N,FC(F)(Cl)C(F)(Cl)Cl,-2.5420000553131104
ULSLJYXHZDTLQK-UHFFFAOYSA-N,O=c1oc2ccccc2c(O)c1C1CCCc2ccccc21,-5.4079999923706055
HWGBHCRJGXAGEU-UHFFFAOYSA-N,Cc1cc(=O)[nH]c(=S)[nH]1,-1.8029999732971191
SYGHQFHDDIIPNX-UHFFFAOYSA-N,O=C1c2ccccc2Cc2ccccc2N1CCF,-4.40500020980835
ZISSAWUMDACLOM-UHFFFAOYSA-N,CC(C)C(C)(C)C,-3.2899999618530273
GWUSZQUVEVMBPI-UHFFFAOYSA-N,CN1C(=O)CN=C(c2ccccc2)c2cc([N+](=O)[O-])ccc21,-5.159999847412109
KQPKPCNLIDLUMF-UHFFFAOYSA-N,C=CCC1(C(C)CCC)C(=O)NC(=O)NC1=O,-2.515000104904175
QAHFOPIILNICLA-UHFFFAOYSA-N,CN(C)C(=O)C(c1ccccc1)c1ccccc1,-3.23799991607666
KDKYADYSIPSCCQ-UHFFFAOYSA-N,C#CCC,-0.7760000228881836
IMIDOCRTMDIQIJ-UHFFFAOYSA-N,CNC(=O)Oc1ccc(N(C)C)c(C)c1,-1.9529999494552612
VEDTXTNSFWUXGQ-UHFFFAOYSA-N,CCOP(=S)(OCC)SCSc1ccc(Cl)cc1,-5.7820000648498535
SRBFZHDQGSBBOR-UHFFFAOYSA-N,OC1COC(O)C(O)C1O,0.21400000154972076
QSNSCYSYFYORTR-UHFFFAOYSA-N,Nc1ccc(Cl)cc1,-1.2410000562667847
QQODLKZGRKWIFG-UHFFFAOYSA-N,CC1(C)C(C=C(Cl)Cl)C1C(=O)OC(C#N)c1ccc(F)c(Oc2ccccc2)c1,-7.9029998779296875
ZWPVHELAQPIZHO-UHFFFAOYSA-N,Clc1ccc(-c2cc(Cl)ccc2Cl)c(Cl)c1,-7.084000110626221
NBFQYHKHPBMJJV-UHFFFAOYSA-N,CCCOC(=O)c1ccc(N)cc1,-2.2809998989105225
WBJINCZRORDGAQ-UHFFFAOYSA-N,CCOC=O,1.2990000247955322
NRXQIUSYPAHGNM-UHFFFAOYSA-N,N#Cc1cc(I)c(O)c(I)c1,-2.941999912261963
LMHCYRULPLGEEZ-UHFFFAOYSA-N,CCCCCCCI,-3.555000066757202
WYKYKTKDBLFHCY-UHFFFAOYSA-N,Nc1cnn(-c2ccccc2)c(=O)c1Cl,-3.367000102996826
KBPLFHHGFOOTCA-UHFFFAOYSA-N,CCCCCCCCO,-1.4889999628067017
UMPSXRYVXUPCOS-UHFFFAOYSA-N,Oc1cccc(Cl)c1Cl,-2.002000093460083
RZILCCPWPBTYDO-UHFFFAOYSA-N,CN(C)C(=O)Nc1cccc(C(F)(F)F)c1,-2.7780001163482666
OSSQSXOTMIGBCF-UHFFFAOYSA-N,C#CCCCCCCC,-4.15500020980835
JJYPMNFTHPTTDI-UHFFFAOYSA-N,Cc1cccc(N)c1,-0.7310000061988831
WEVYAHXRMPXWCK-UHFFFAOYSA-N,CC#N,1.8990000486373901
CEOCDNVZRAIOQZ-UHFFFAOYSA-N,Clc1cc(Cl)c(Cl)c(Cl)c1Cl,-5.859000205993652
FTOAOBMCPZCFFF-UHFFFAOYSA-N,CCC1(CC)C(=O)NC(=O)NC1=O,-1.246999979019165
OISVCGZHLKNMSJ-UHFFFAOYSA-N,Cc1cccc(C)n1,-0.984000027179718
NUKZAGXMHTUAFE-UHFFFAOYSA-N,CCCCCC(=O)OC,-1.0720000267028809
NVKAWKQGWWIWPM-UHFFFAOYSA-N,CC12CCC3C(CCC4CC(=O)CCC43C)C1CCC2O,-4.281000137329102
OKIBNKKYNPBDRS-UHFFFAOYSA-N,CC(=O)Nc1cc(NS(=O)(=O)C(F)(F)F)c(C)cc1C,-3.799999952316284
JOFWLTCLBGQGBO-UHFFFAOYSA-N,Cc1nnc2n1-c1ccc(Cl)cc1C(c1ccccc1Cl)=NC2,-6.7820000648498535
RFSUNEUAIZKAJO-UHFFFAOYSA-N,OCC1OC(O)(CO)C(O)C1O,0.3149999976158142
HDZZVAMISRMYHH-UHFFFAOYSA-N,Nc1ncnc2c1ccn2C1OC(CO)C(O)C1O,-1.2239999771118164
RIZMRRKBZQXFOY-UHFFFAOYSA-N,CCOP(=S)(OCC)SCSP(=S)(OCC)OCC,-4.3429999351501465
GLZPCOQZEFWAFX-YFHOEESVSA-N,CC(C)=CCC/C(C)=C\CO,-1.6670000553131104
DTMRKGRREZAYAP-UHFFFAOYSA-N,Clc1cc(-c2cc(Cl)c(Cl)c(Cl)c2Cl)c(Cl)c(Cl)c1Cl,-9.793000221252441
JXCGFZXSOMJFOA-UHFFFAOYSA-N,Cc1ccc(NC(=O)N(C)C)cc1Cl,-2.8350000381469727
ZMHWQAHZKUPENF-UHFFFAOYSA-N,Clc1ccc(-c2cccc(Cl)c2Cl)cc1,-6.0929999351501465
FDDDEECHVMSUSB-UHFFFAOYSA-N,Nc1ccc(S(N)(=O)=O)cc1,-1.2400000095367432
ZSDSQXJSNMTJDA-UHFFFAOYSA-N,CCCN(CCC)c1c([N+](=O)[O-])cc(C(F)(F)F)cc1[N+](=O)[O-],-4.730000019073486
KRIMXCDMVRMCTC-UHFFFAOYSA-N,CCCCC(C)(C)O,-0.7639999985694885
HEDRZPFGACZZDS-UHFFFAOYSA-N,ClC(Cl)Cl,-0.7039999961853027
GUBGYTABKSRVRQ-UHFFFAOYSA-N,OCC1OC(OC2C(CO)OC(O)C(O)C2O)C(O)C(O)C1O,-0.15299999713897705
PFNHSEQQEPMLNI-UHFFFAOYSA-N,CCCC(C)CO,-0.319
CHNUNORXWHYHNE-UHFFFAOYSA-N,CC(C)Oc1cc(-n2nc(C(C)(C)C)oc2=O)c(Cl)cc1Cl,-6.107999801635742
DCAYPVUWAIABOU-UHFFFAOYSA-N,CCCCCCCCCCCCCCCC,-6.84499979019165
RIOXQFHNBCKOKP-UHFFFAOYSA-N,CCCCNC(=O)n1c(NC(=O)OC)nc2ccccc21,-3.2829999923706055
WJTCGQSWYFHTAC-UHFFFAOYSA-N,C1CCCCCCC1,-3.621000051498413
VMKOFRJSULQZRM-UHFFFAOYSA-N,CCCCCCCCBr,-4.150000095367432
XCJXQCUJXDUNDN-UHFFFAOYSA-N,ClC1=C(Cl)C2(Cl)C3CC=CC3C1(Cl)C2(Cl)Cl,-6.201000213623047
XRHGWAGWAHHFLF-UHFFFAOYSA-N,CCOP(=S)(OCC)Oc1nc(Cl)n(C(C)C)n1,-3.9790000915527344
KWOLFJPFCHCOCG-UHFFFAOYSA-N,CC(=O)c1ccccc1,-1.1019999980926514
GETTZEONDQJALK-UHFFFAOYSA-N,FC(F)(F)c1ccccc1,-2.4790000915527344
LJSQFQKUNVCTIA-UHFFFAOYSA-N,CCSCC,-1.225000023841858
RJTJVVYSTUQWNI-UHFFFAOYSA-N,CCc1ccc2ccccc2c1,-3.88100004196167
MUMQYXACQUZOFP-UHFFFAOYSA-N,CCOP(=S)(OCC)SC(CCl)N1C(=O)c2ccccc2C1=O,-5.743000030517578
QRUDEWIWKLJBPS-UHFFFAOYSA-N,c1ccc2[nH]nnc2c1,-1.027999997138977
VAHKBZSAUKPEOV-UHFFFAOYSA-N,Clc1ccc(-c2cc(Cl)ccc2Cl)cc1,-6.119999885559082
PJGSXYOJTGTZAV-UHFFFAOYSA-N,CC(=O)C(C)(C)C,-0.36000001430511475
PHTQWCKDNZKARW-UHFFFAOYSA-N,CC(C)CCO,0.3179999887943268
JYVLIDXNZAXMDK-UHFFFAOYSA-N,CCCC(C)O,0.3199999928474426
DDUIUBPJPOKOMV-UHFFFAOYSA-N,COCCCNc1nc(NC(C)C)nc(SC)n1,-3.003000020980835
LXMSZDCAJNLERA-UHFFFAOYSA-N,CC(=O)SC1CC2=CC(=O)CCC2(C)C2CCC3(C)C(CCC34CCC(=O)O4)C12,-5.671000003814697
HKPHPIREJKHECO-UHFFFAOYSA-N,CCCCOCN(C(=O)CCl)c1c(CC)cccc1CC,-5.124000072479248
BIGRRCHSUAXSEE-UHFFFAOYSA-N,Cc1ncc2nccnc2n1,-0.9869999885559082
SDOJHDGZFOGOFD-UHFFFAOYSA-N,Cc1c(C)c2c3ccccc3ccc2c2ccccc12,-7.130000114440918
UIHCLUNTQKBZGK-UHFFFAOYSA-N,CCC(C)C(C)=O,-0.42100000381469727
YNBADRVTZLEFNH-UHFFFAOYSA-N,COC(=O)c1cccnc1,-0.7680000066757202
DHWRNDJOGMTCPB-UHFFFAOYSA-N,CN(C)C(=O)Nc1ccc(-n2nc(C(C)(C)C)oc2=O)c(Cl)c1,-4.4079999923706055
IDOWTHOLJBTAFI-UHFFFAOYSA-N,COC(=O)Nc1cccc(OC(=O)Nc2cccc(C)c2)c1,-4.870999813079834
KEWNKZNZRIAIAK-UHFFFAOYSA-N,Oc1c(Cl)c(Cl)cc(Cl)c1Cl,-3.2829999923706055
PNPCRKVUWYDDST-UHFFFAOYSA-N,Nc1cccc(Cl)c1,-1.25
UNLYSVIDNRIVFJ-UHFFFAOYSA-N,CCCOP(=S)(OCCC)SCC(=O)N1CCCCC1C,-4.466000080108643
IMONTRJLAWHYGT-UHFFFAOYSA-N,C#CC1(OC(C)=O)CCC2C3CCC4=CC(=O)CCC4C3CCC21C,-5.914999961853027
XKLZIVIOZDNKEQ-UHFFFAOYSA-N,CSC[S+]([O-])CC(CO)NC(=O)C=Cc1c(C)[nH]c(=O)[nH]c1=O,-1.371000051498413
NXQDBZGWYSEGFL-UHFFFAOYSA-N,COP(=S)(OC)SCC(=O)N(c1ccc(Cl)cc1)C(C)C,-5.817999839782715
ICOAEPDGFWLUTI-UHFFFAOYSA-N,Clc1cc(Cl)c(-c2c(Cl)cc(Cl)cc2Cl)c(Cl)c1,-8.819000244140625
IPWBFGUBXWMIPR-UHFFFAOYSA-N,Fc1ccccc1Br,-2.380000114440918
WIIZWVCIJKGZOK-UHFFFAOYSA-N,O=C(NC(CO)C(O)c1ccc([N+](=O)[O-])cc1)C(Cl)Cl,-2.075000047683716
WEXRUCMBJFQVBZ-UHFFFAOYSA-N,CCCC(C)C1(CC)C(=O)NC(=O)NC1=O,-2.191999912261963
OFBQJSOFQDEBGM-UHFFFAOYSA-N,CCCCC,-2.2309999465942383
BZKPWHYZMXOIDC-UHFFFAOYSA-N,CC(=O)Nc1nnc(S(N)(=O)=O)s1,-1.2419999837875366
RULKYXXCCZZKDZ-UHFFFAOYSA-N,Oc1cc(Cl)c(Cl)c(Cl)c1Cl,-3.307
BULVZWIRKLYCBC-UHFFFAOYSA-N,CCOP(=S)(OCC)SCSCC,-3.302000045776367
KBEBGUQPQBELIU-UHFFFAOYSA-N,CCOC(=O)C=Cc1ccccc1,-2.3459999561309814
NMRPBPVERJPACX-UHFFFAOYSA-N,CCCCCC(O)CC,-1.4859999418258667
GOHBXWHNJHENRX-UHFFFAOYSA-N,Cc1cc2ccccc2c2ccc3ccccc3c12,-6.752999782562256
LACXVZHAJMVESG-UHFFFAOYSA-N,Clc1ccc(-c2ccc(Cl)c(Cl)c2Cl)c(Cl)c1,-7.947000026702881
YSEMEGXOKULCML-UHFFFAOYSA-N,CCN1c2ncccc2C(=O)N(C)c2ccc(Cl)nc21,-3.684000015258789
UHIAOZUHJYDVBH-UHFFFAOYSA-N,O=C1C=C2CC3(O)COc4c(ccc(O)c4O)C3=C2CC1=O,-3.385999917984009
QZYNWJQFTJXIRN-UHFFFAOYSA-N,Clc1cc(Cl)c(Cl)c(Cl)c1,-4.848999977111816
PYGXAGIECVVIOZ-UHFFFAOYSA-N,CCCCOC(=O)CCCCCCCCC(=O)OCCCC,-5.51200008392334
ZFMSMUAANRJZFM-UHFFFAOYSA-N,C=CCc1ccc(OC)cc1,-2.614000082015991
GHASVSINZRGABV-UHFFFAOYSA-N,O=c1[nH]cc(F)c(=O)[nH]1,-1.6990000009536743
SHZIWNPUGXLXDT-UHFFFAOYSA-N,CCCCCC(=O)OCC,-1.746000051498413
GFFGJBXGBJISGV-UHFFFAOYSA-N,Nc1ncnc2nc[nH]c12,-1.7410000562667847
HKOOXMFOFWEVGF-UHFFFAOYSA-N,NNc1ccccc1,-0.10100000351667404
ISAKRJDGNUQOIC-UHFFFAOYSA-N,O=c1cc[nH]c(=O)[nH]1,-1.2510000467300415
BAPJBEWLBFYGME-UHFFFAOYSA-N,C=CC(=O)OC,0.6019999980926514
IIEWJVIFRVWJOD-UHFFFAOYSA-N,CCC1CCCCC1,-3.628000020980835
LMJSLTNSBFUCMU-UHFFFAOYSA-N,NS(=O)(=O)c1cc2c(cc1Cl)NC(C(Cl)Cl)NS2(=O)=O,-2.8269999027252197
LEHOTFFKMJEONL-UHFFFAOYSA-N,O=c1[nH]c(=O)c2[nH]c(=O)[nH]c2[nH]1,-4.2270002365112305
ZEMGGZBWXRYJHK-UHFFFAOYSA-N,O=c1ccnc(S)[nH]1,-1.8389999866485596
DNJIEGIFACGWOD-UHFFFAOYSA-N,CCS,0.010999999940395355
GGUOCFNAWIODMF-UHFFFAOYSA-N,CC(=O)Nc1ccc(Cl)cc1,-2.5360000133514404
FAOZLTXFLGPHNG-UHFFFAOYSA-N,CC(=O)C1(O)CCC2C3CC(C)C4=CC(=O)C=CC4(C)C3(F)C(O)CC21C,-3.9100000858306885
FZERHIULMFGESH-UHFFFAOYSA-N,CC(=O)Nc1ccccc1,-1.3259999752044678
YHQXBTXEYZIYOV-UHFFFAOYSA-N,C=CC(C)C,-2.0190000534057617
XKFPYPQQHFEXRZ-UHFFFAOYSA-N,Cc1cc(C(=O)NNCc2ccccc2)no1,-2.569000005722046
QDFKKJYEIFBEFC-UHFFFAOYSA-N,Fc1cccc(Br)c1,-2.38700008392334
LWLJUMBEZJHXHV-UHFFFAOYSA-N,ClC1=C(Cl)C(Cl)(C2(Cl)C(Cl)=C(Cl)C(Cl)=C2Cl)C(Cl)=C1Cl,-8.857000350952148
NQRLPDFELNCFHW-UHFFFAOYSA-N,CC(=O)Nc1ccc([N+](=O)[O-])cc1,-2.7249999046325684
ATUOYWHBWRKTHZ-UHFFFAOYSA-N,CCC,-0.3840000033378601
CYNYIHKIEHGYOZ-UHFFFAOYSA-N,CCCBr,-0.921999990940094
VAOCPAMSLUNLGC-UHFFFAOYSA-N,Cc1ncc([N+](=O)[O-])n1CCO,-1.055999994277954
LHGVFZTZFXWLCP-UHFFFAOYSA-N,COc1ccccc1O,-0.984000027179718
RUVINXPYWBROJD-UHFFFAOYSA-N,CC=Cc1ccc(OC)cc1,-2.552000045776367
BCQMBFHBDZVHKU-UHFFFAOYSA-N,CCNc1nc(NC(C)(C)C)nc(OC)n1,-2.5880000591278076
HRYZWHHZPQKTII-UHFFFAOYSA-N,CCCl,0.020999999716877937
RECUKUPTGUEGMW-UHFFFAOYSA-N,Cc1ccc(C(C)C)cc1O,-2.0889999866485596
WVQBLGZPHOPPFO-UHFFFAOYSA-N,CCc1cccc(C)c1N(C(=O)CCl)C(C)COC,-4.0279998779296875
DQZCVNGCTZLGAQ-UHFFFAOYSA-N,CN(C)C(=O)NC1CCCCCCC1,-1.6579999923706055
UMKXSOXZAXIOPJ-UHFFFAOYSA-N,Oc1ccc2c(c1)CCCC2,-2.078000068664551
DDBREPKUVSBGFI-UHFFFAOYSA-N,CCC1(c2ccccc2)C(=O)NC(=O)NC1=O,-2.615999937057495
TWSRVQVEYJNFKQ-UHFFFAOYSA-N,CCCCCOC(=O)CC,-1.7510000467300415
JXVIIQLNUPXOII-UHFFFAOYSA-N,CC1CCCCC1NC(=O)Nc1ccccc1,-3.428999900817871
ZXVONLUNISGICL-UHFFFAOYSA-N,Cc1cc([N+](=O)[O-])cc([N+](=O)[O-])c1O,-2.559000015258789
SDDBCEWUYXVGCQ-UHFFFAOYSA-N,Cc1cccc2c(C)cccc12,-3.940000057220459
NTIZESTWPVYFNL-UHFFFAOYSA-N,CC(=O)CC(C)C,-0.41200000047683716
PYLWMHQQBFSUBP-UHFFFAOYSA-N,Fc1ccccc1,-1.284999966621399
NSQYIEOSFPLTJA-UHFFFAOYSA-N,CC(C)C1(C(C)C)C(=O)NC(=O)NC1=O,-1.7860000133514404
IUWVALYLNVXWKX-UHFFFAOYSA-N,CCCCOC(=O)c1ccc(N)cc1,-2.625
RRHGJUQNOFWUDK-UHFFFAOYSA-N,C=CC(=C)C,-1.531999945640564
JMLWXCJXOYDXRN-UHFFFAOYSA-N,Clc1cccc(I)c1,-3.127000093460083
CPGPAVAKSZHMBP-UHFFFAOYSA-N,Cc1c2ccccc2cc2ccccc12,-5.0879998207092285
MSLICLMCQYQNPK-UHFFFAOYSA-N,CC(=O)Nc1ccc(Br)cc1,-2.5380001068115234
SPSSULHKWOKEEL-UHFFFAOYSA-N,Cc1c([N+](=O)[O-])cc([N+](=O)[O-])cc1[N+](=O)[O-],-3.052999973297119
GBROPGWFBFCKAG-UHFFFAOYSA-N,c1ccc2c(c1)ccc1c2ccc2c3ccccc3ccc21,-7.664
AAEVYOVXGOFMJO-UHFFFAOYSA-N,CSc1nc(NC(C)C)nc(NC(C)C)n1,-2.877000093460083
HDWIHXWEUNVBIY-UHFFFAOYSA-N,NS(=O)(=O)c1cc2c(cc1C(F)(F)F)NC(Cc1ccccc1)NS2(=O)=O,-3.565000057220459
UDDMNBYVRLYNKY-UHFFFAOYSA-N,CCN1c2ncccc2C(=O)Nc2c(C)cc(C)nc21,-3.7920000553131104
ONNCPBRWFSKDMQ-UHFFFAOYSA-N,Clc1cccc(-c2cc(Cl)ccc2Cl)c1,-6.123000144958496
RZKSECIXORKHQS-UHFFFAOYSA-N,CCCCC(O)CC,-0.9129999876022339
PWATWSYOIIXYMA-UHFFFAOYSA-N,CCCCCc1ccccc1,-4.040999889373779
IRCMYGHHKLLGHV-UHFFFAOYSA-N,CCOC1Oc2ccc(OS(C)(=O)=O)cc2C1(C)C,-3.322000026702881
QARVLSVVCXYDNA-UHFFFAOYSA-N,Brc1ccccc1,-2.01200008392334
BEZDDPMMPIDMGJ-UHFFFAOYSA-N,Cc1cc(C)c(C)c(C)c1C,-4.1579999923706055
WFRBDWRZVBPBDO-UHFFFAOYSA-N,CCCC(C)(C)O,-0.18700000643730164
QIBWCUCLHZVYNL-UHFFFAOYSA-N,CCN1c2ccccc2N(C)C(=O)c2cccnc21,-3.0799999237060547
MGSRCZKZVOBKFT-UHFFFAOYSA-N,Cc1ccc(C(C)C)c(O)c1,-2.0899999141693115
HUAZGNHGCJGYNP-UHFFFAOYSA-N,CCCOC(=O)CCC,-1.1699999570846558
NHPPIJMARIVBGU-UHFFFAOYSA-N,Ic1cccc2ccccc12,-4.0269999504089355
CBFCDTFDPHXCNY-UHFFFAOYSA-N,CCCCCCCCCCCCCCCCCCCC,-7.304999828338623
HSQFVBWFPBKHEB-UHFFFAOYSA-N,Oc1ccc(Cl)c(Cl)c1Cl,-2.7239999771118164
KCXMKQUNVWSEMD-UHFFFAOYSA-N,ClCc1ccccc1,-2.2890000343322754
JTUSORDQZVOEAZ-UHFFFAOYSA-N,Clc1cc(Cl)c(-c2cccc(Cl)c2Cl)cc1Cl,-7.948999881744385
FDPIMTJIUBPUKL-UHFFFAOYSA-N,CCC(=O)CC,0.0989999994635582
NFGXHKASABOEEW-UHFFFAOYSA-N,COC(C)(C)CCCC(C)CC=CC(C)=CC(=O)OC(C)C,-5.572999954223633
UATJOMSPNYCXIX-UHFFFAOYSA-N,O=[N+]([O-])c1cc([N+](=O)[O-])cc([N+](=O)[O-])c1,-3.0230000019073486
MWKFXSUHUHTGQN-UHFFFAOYSA-N,CCCCCCCCCCO,-2.572000026702881
ZFHGXWPMULPQSE-UHFFFAOYSA-N,Cc1c(F)c(F)c(COC(=O)C2C(C=C(Cl)C(F)(F)F)C2(C)C)c(F)c1F,-7.939000129699707
IMNFDUFMRHMDMM-UHFFFAOYSA-N,CCCCCCC,-3.562999963760376
XKEFYDZQGKAQCN-UHFFFAOYSA-N,Clc1cc(Cl)cc(Cl)c1,-3.8519999980926514
IUJDSEJGGMCXSG-UHFFFAOYSA-N,CCCC(C)C1(CC)C(=O)NC(=S)NC1=O,-2.947999954223633
HSMPDPBYAYSOBC-UHFFFAOYSA-N,COc1c2occc2c(OC)c2c(=O)cc(C)oc12,-3.7290000915527344
JBMKAUGHUNFTOL-UHFFFAOYSA-N,NS(=O)(=O)c1cc2c(cc1Cl)N=CNS2(=O)=O,-2.6419999599456787
VNKYTQGIUYNRMY-UHFFFAOYSA-N,CCCOC,0.8040000200271606
RZVHIXYEVGDQDX-UHFFFAOYSA-N,O=C1c2ccccc2C(=O)c2ccccc21,-4.072999954223633
VNWKTOKETHGBQD-UHFFFAOYSA-N,C,-1.3259999752044678
FLVIGYVXZHLUHP-UHFFFAOYSA-N,CCNC(=S)NCC,-0.20999999344348907
QWUWMCYKGHVNAV-UHFFFAOYSA-N,c1ccc(CCc2ccccc2)cc1,-4.4039998054504395
HNJBEVLQSNELDL-UHFFFAOYSA-N,O=C1CCCN1,0.6050000190734863
HWWYDZCSSYKIAD-UHFFFAOYSA-N,Cc1cncc(C)c1,-0.6809999942779541
DEKWZWCFHUABHE-UHFFFAOYSA-N,CC(=O)CC(c1ccc(Cl)cc1)c1c(O)c2ccccc2oc1=O,-5.875
DBPWSSGDRRHUNT-UHFFFAOYSA-N,CC(=O)C1(O)CCC2C3CCC4=CC(=O)CCC4(C)C3CCC21C,-4.428999900817871
IOUNQDKNJZEDEP-UHFFFAOYSA-N,CCOP(=S)(OCC)SCn1c(=O)oc2cc(Cl)ccc21,-5.297999858856201
WKEDVNSFRWHDNR-UHFFFAOYSA-N,O=C(Nc1ccccc1)c1ccccc1O,-3.2750000953674316
HHLXJTDUHFBYAU-UHFFFAOYSA-N,CCC1(C(C)C)C(=O)NC(=O)NC1=O,-1.5049999952316284
KYWJZCSJMOILIZ-UHFFFAOYSA-N,CCCC(C)(O)CC,-0.7829999923706055
YBQZXXMEJHZYMB-UHFFFAOYSA-N,c1ccc(NNc2ccccc2)cc1,-2.433000087738037
BIWJNBZANLAXMG-UHFFFAOYSA-N,ClC1=C(Cl)C2(Cl)C3C(Cl)C(Cl)CC3C1(Cl)C2(Cl)Cl,-6.942999839782715
CDAISMWEOUEBRE-UHFFFAOYSA-N,OC1C(O)C(O)C(O)C(O)C1O,0.12600000202655792
GDOPTJXRTPNYNR-UHFFFAOYSA-N,CC1CCCC1,-2.4539999961853027
GYESAYHWISMZOK-UHFFFAOYSA-N,Oc1cccc2ncccc12,-1.6610000133514404
NMJJFJNHVMGPGM-UHFFFAOYSA-N,CCCCOC=O,0.2329999953508377
VGVRPFIJEJYOFN-UHFFFAOYSA-N,Oc1c(Cl)cc(Cl)c(Cl)c1Cl,-3.2839999198913574
FBQTWGHLMQUOQL-UHFFFAOYSA-N,CCC(=O)OCN1C(=O)NC(c2ccccc2)(c2ccccc2)C1=O,-4.466000080108643
FMWLUWPQPKEARP-UHFFFAOYSA-N,ClC(Cl)Br,-0.7910000085830688
FDGQSTZJBFJUBT-UHFFFAOYSA-N,O=c1[nH]cnc2nc[nH]c12,-2.130000114440918
GVEPBJHOBDJJJI-UHFFFAOYSA-N,c1ccc2c(c1)-c1cccc3cccc-2c13,-5.796999931335449
FYZBOYWSHKHDMT-UHFFFAOYSA-N,CCOC(=O)CCN(SN(C)C(=O)Oc1cccc2c1OC(C)(C)C2)C(C)C,-4.1519999504089355
PXWUKZGIHQRDHL-UHFFFAOYSA-N,CCNc1nc(NC(C)C)nc(OC)n1,-2.2119998931884766
QNVRIHYSUZMSGM-UHFFFAOYSA-N,CCCCC(C)O,-0.30000001192092896
WXZVAROIGSFCFJ-UHFFFAOYSA-N,CCN(CC)C(=O)C(C)Oc1cccc2ccccc12,-3.8310000896453857
